911##a,911##c,351##c,LDR,008,24510a,BAS##a,999##a,999##b,999##b,FMT,OWN##a,STA##a
 PShAV -001,שמוליק עצמון-וירצר,Fonds Record,00000npc^a22^^^^^^^^4500,^^^^^^k^^^^^^^^xx^^^^^^^^^^^^^^^^^^^^^^d,תיאטרון זווית,VIS,ARCHIVE,NOULI,NOOCLC,MX,NNL,SUPPRESSED
 PShAV -001 -001,שמוליק עצמון-וירצר,Series Record,00000npc^a22^^^^^^^^4500,^^^^^^k^^^^^^^^xx^^^^^^^^^^^^^^^^^^^^^^d,נושים',VIS,ARCHIVE,NOULI,NOOCLC,MX,NNL,SUPPRESSED
 PShAV -001 -001 -001,שמוליק עצמון-וירצר,File Record,00000npc^a22^^^^^^^^4500,^^^^^^k^^^^^^^^xx^^^^^^^^^^^^^^^^^^^^^^d,תצלומים - 'נושים',VIS,ARCHIVE,NOULI,NOOCLC,MX,NNL,SUPPRESSED
 PShAV -001 -001 -002,שמוליק עצמון-וירצר,File Record,00000npc^a22^^^^^^^^4500,^^^^^^k^^^^^^^^xx^^^^^^^^^^^^^^^^^^^^^^d,חשבון צוותא - 'נושים',VIS,ARCHIVE,NOULI,NOOCLC,MX,NNL,SUPPRESSED
 PShAV -001 -001 -003,שמוליק עצמון-וירצר,File Record,00000npc^a22^^^^^^^^4500,^^^^^^k^^^^^^^^xx^^^^^^^^^^^^^^^^^^^^^^d,מכתבים - 'נושים',VIS,ARCHIVE,NOULI,NOOCLC,MX,NNL,SUPPRESSED
 PShAV -001 -002,שמוליק עצמון-וירצר,Series Record,00000npc^a22^^^^^^^^4500,^^^^^^k^^^^^^^^xx^^^^^^^^^^^^^^^^^^^^^^d,ארץ רחוקה',VIS,ARCHIVE,NOULI,NOOCLC,MX,NNL,SUPPRESSED
 PShAV -001 -002 -001,שמוליק עצמון-וירצר,File Record,00000npc^a22^^^^^^^^4500,^^^^^^k^^^^^^^^xx^^^^^^^^^^^^^^^^^^^^^^d,מחזה בכתב יד - 'ארץ רחוקה',VIS,ARCHIVE,NOULI,NOOCLC,MX,NNL,SUPPRESSED
 PShAV -001 -002 -002,שמוליק עצמון-וירצר,File Record,00000npc^a22^^^^^^^^4500,^^^^^^k^^^^^^^^xx^^^^^^^^^^^^^^^^^^^^^^d,אלבום עיתונות - 'ארץ רחוקה',VIS,ARCHIVE,NOULI,NOOCLC,MX,NNL,SUPPRESSED
 PShAV -001 -002 -003,שמוליק עצמון-וירצר,File Record,00000npc^a22^^^^^^^^4500,^^^^^^k^^^^^^^^xx^^^^^^^^^^^^^^^^^^^^^^d,עלון - 'ארץ רחוקה',VIS,ARCHIVE,NOULI,NOOCLC,MX,NNL,SUPPRESSED
 PShAV -001 -002 -004,שמוליק עצמון-וירצר,File Record,00000npc^a22^^^^^^^^4500,^^^^^^k^^^^^^^^xx^^^^^^^^^^^^^^^^^^^^^^d,מחזה מלווה הערות - 'ארץ רחוקה',VIS,ARCHIVE,NOULI,NOOCLC,MX,NNL,SUPPRESSED
 PShAV -001 -002 -005,שמוליק עצמון-וירצר,File Record,00000npc^a22^^^^^^^^4500,^^^^^^k^^^^^^^^xx^^^^^^^^^^^^^^^^^^^^^^d,תצלומים - 'ארץ רחוקה',VIS,ARCHIVE,NOULI,NOOCLC,MX,NNL,SUPPRESSED
 PShAV -001 -003,שמוליק עצמון-וירצר,Series Record,00000npc^a22^^^^^^^^4500,^^^^^^k^^^^^^^^xx^^^^^^^^^^^^^^^^^^^^^^d,ברכט על ברכט',VIS,ARCHIVE,NOULI,NOOCLC,MX,NNL,SUPPRESSED
 PShAV -001 -003 -001,שמוליק עצמון-וירצר,File Record,00000npc^a22^^^^^^^^4500,^^^^^^k^^^^^^^^xx^^^^^^^^^^^^^^^^^^^^^^d,תצלומים - 'ברכט על ברכט',VIS,ARCHIVE,NOULI,NOOCLC,MX,NNL,SUPPRESSED
 PShAV -001 -003 -002,שמוליק עצמון-וירצר,File Record,00000npc^a22^^^^^^^^4500,^^^^^^k^^^^^^^^xx^^^^^^^^^^^^^^^^^^^^^^d,עיתונות - 'ברכט על ברכט',VIS,ARCHIVE,NOULI,NOOCLC,MX,NNL,SUPPRESSED
 PShAV -001 -003 -003,שמוליק עצמון-וירצר,File Record,00000npc^a22^^^^^^^^4500,^^^^^^k^^^^^^^^xx^^^^^^^^^^^^^^^^^^^^^^d,תכניות - 'ברכט על ברכט',VIS,ARCHIVE,NOULI,NOOCLC,MX,NNL,SUPPRESSED
 PShAV -001 -004,שמוליק עצמון-וירצר,Series Record,00000npc^a22^^^^^^^^4500,^^^^^^k^^^^^^^^xx^^^^^^^^^^^^^^^^^^^^^^d,בדלתיים סגורות',VIS,ARCHIVE,NOULI,NOOCLC,MX,NNL,SUPPRESSED
 PShAV -001 -004 -001,שמוליק עצמון-וירצר,File Record,00000npc^a22^^^^^^^^4500,^^^^^^k^^^^^^^^xx^^^^^^^^^^^^^^^^^^^^^^d,תצלום - 'בדלתיים סגורות',VIS,ARCHIVE,NOULI,NOOCLC,MX,NNL,SUPPRESSED
 PShAV -001 -004 -002,שמוליק עצמון-וירצר,File Record,00000npc^a22^^^^^^^^4500,^^^^^^k^^^^^^^^xx^^^^^^^^^^^^^^^^^^^^^^d,תכניות - 'בדלתיים סגורות',VIS,ARCHIVE,NOULI,NOOCLC,MX,NNL,SUPPRESSED
 PShAV -001 -004 -003,שמוליק עצמון-וירצר,File Record,00000npc^a22^^^^^^^^4500,^^^^^^k^^^^^^^^xx^^^^^^^^^^^^^^^^^^^^^^d,מכתב - 'בדלתיים סגורות',VIS,ARCHIVE,NOULI,NOOCLC,MX,NNL,SUPPRESSED
 PShAV -001 -004 -004,שמוליק עצמון-וירצר,File Record,00000npc^a22^^^^^^^^4500,^^^^^^k^^^^^^^^xx^^^^^^^^^^^^^^^^^^^^^^d,עיתונות לעז - 'בדלתיים סגורות',VIS,ARCHIVE,NOULI,NOOCLC,MX,NNL,SUPPRESSED
 PShAV -001 -005,שמוליק עצמון-וירצר,Series Record,00000npc^a22^^^^^^^^4500,^^^^^^k^^^^^^^^xx^^^^^^^^^^^^^^^^^^^^^^d,פרשת פינדוס',VIS,ARCHIVE,NOULI,NOOCLC,MX,NNL,SUPPRESSED
 PShAV -001 -005 -001,שמוליק עצמון-וירצר,File Record,00000npc^a22^^^^^^^^4500,^^^^^^k^^^^^^^^xx^^^^^^^^^^^^^^^^^^^^^^d,עיתונות - 'פרשת פינדוס',VIS,ARCHIVE,NOULI,NOOCLC,MX,NNL,SUPPRESSED
 PShAV -001 -005 -002,שמוליק עצמון-וירצר,File Record,00000npc^a22^^^^^^^^4500,^^^^^^k^^^^^^^^xx^^^^^^^^^^^^^^^^^^^^^^d,תצלומים - 'פרשת פינדוס',VIS,ARCHIVE,NOULI,NOOCLC,MX,NNL,SUPPRESSED
 PShAV -001 -005 -003,שמוליק עצמון-וירצר,File Record,00000npc^a22^^^^^^^^4500,^^^^^^k^^^^^^^^xx^^^^^^^^^^^^^^^^^^^^^^d,תכנייה - 'פרשת פינדוס',VIS,ARCHIVE,NOULI,NOOCLC,MX,NNL,SUPPRESSED
 PShAV -001 -006,שמוליק עצמון-וירצר,Series Record,00000npc^a22^^^^^^^^4500,^^^^^^k^^^^^^^^xx^^^^^^^^^^^^^^^^^^^^^^d,המדור המרכזי',VIS,ARCHIVE,NOULI,NOOCLC,MX,NNL,SUPPRESSED
 PShAV -001 -006 -001,שמוליק עצמון-וירצר,File Record,00000npc^a22^^^^^^^^4500,^^^^^^k^^^^^^^^xx^^^^^^^^^^^^^^^^^^^^^^d,כרזה - 'המדור המרכזי',VIS,ARCHIVE,NOULI,NOOCLC,MX,NNL,SUPPRESSED
 PShAV -001 -006 -002,שמוליק עצמון-וירצר,File Record,00000npc^a22^^^^^^^^4500,^^^^^^k^^^^^^^^xx^^^^^^^^^^^^^^^^^^^^^^d,תכניות - 'המדור המרכזי',VIS,ARCHIVE,NOULI,NOOCLC,MX,NNL,SUPPRESSED
 PShAV -001 -006 -003,שמוליק עצמון-וירצר,File Record,00000npc^a22^^^^^^^^4500,^^^^^^k^^^^^^^^xx^^^^^^^^^^^^^^^^^^^^^^d,מכתב - 'המדור המרכזי',VIS,ARCHIVE,NOULI,NOOCLC,MX,NNL,SUPPRESSED
 PShAV -001 -006 -004,שמוליק עצמון-וירצר,File Record,00000npc^a22^^^^^^^^4500,^^^^^^k^^^^^^^^xx^^^^^^^^^^^^^^^^^^^^^^d,גליונות ביקורת - 'המדור המרכזי',VIS,ARCHIVE,NOULI,NOOCLC,MX,NNL,SUPPRESSED
 PShAV -001 -006 -005,שמוליק עצמון-וירצר,File Record,00000npc^a22^^^^^^^^4500,^^^^^^k^^^^^^^^xx^^^^^^^^^^^^^^^^^^^^^^d,מסמך - 'המדור המרכזי',VIS,ARCHIVE,NOULI,NOOCLC,MX,NNL,SUPPRESSED
 PShAV -001 -007,שמוליק עצמון-וירצר,Series Record,00000npc^a22^^^^^^^^4500,^^^^^^k^^^^^^^^xx^^^^^^^^^^^^^^^^^^^^^^d,נידוני אלטונה',VIS,ARCHIVE,NOULI,NOOCLC,MX,NNL,SUPPRESSED
 PShAV -001 -007 -001,שמוליק עצמון-וירצר,File Record,00000npc^a22^^^^^^^^4500,^^^^^^k^^^^^^^^xx^^^^^^^^^^^^^^^^^^^^^^d,תצלומים - 'נידוני אלטונה',VIS,ARCHIVE,NOULI,NOOCLC,MX,NNL,SUPPRESSED
 PShAV -001 -007 -002,שמוליק עצמון-וירצר,File Record,00000npc^a22^^^^^^^^4500,^^^^^^k^^^^^^^^xx^^^^^^^^^^^^^^^^^^^^^^d,עיתונות - 'נידוני אלטונה',VIS,ARCHIVE,NOULI,NOOCLC,MX,NNL,SUPPRESSED
 PShAV -001 -007 -003,שמוליק עצמון-וירצר,File Record,00000npc^a22^^^^^^^^4500,^^^^^^k^^^^^^^^xx^^^^^^^^^^^^^^^^^^^^^^d,תכנייה - 'נידוני אלטונה',VIS,ARCHIVE,NOULI,NOOCLC,MX,NNL,SUPPRESSED
 PShAV -001 -008,שמוליק עצמון-וירצר,Series Record,00000npc^a22^^^^^^^^4500,^^^^^^k^^^^^^^^xx^^^^^^^^^^^^^^^^^^^^^^d,שמו הולך לפניו',VIS,ARCHIVE,NOULI,NOOCLC,MX,NNL,SUPPRESSED
 PShAV -001 -008 -001,שמוליק עצמון-וירצר,File Record,00000npc^a22^^^^^^^^4500,^^^^^^k^^^^^^^^xx^^^^^^^^^^^^^^^^^^^^^^d,תצלום - 'שמו הולך לפניו',VIS,ARCHIVE,NOULI,NOOCLC,MX,NNL,SUPPRESSED
 PShAV -001 -008 -002,שמוליק עצמון-וירצר,File Record,00000npc^a22^^^^^^^^4500,^^^^^^k^^^^^^^^xx^^^^^^^^^^^^^^^^^^^^^^d,עלונים - 'שמו הולך לפניו',VIS,ARCHIVE,NOULI,NOOCLC,MX,NNL,SUPPRESSED
 PShAV -001 -008 -003,שמוליק עצמון-וירצר,File Record,00000npc^a22^^^^^^^^4500,^^^^^^k^^^^^^^^xx^^^^^^^^^^^^^^^^^^^^^^d,חולפות - 'שמו הולך לפניו',VIS,ARCHIVE,NOULI,NOOCLC,MX,NNL,SUPPRESSED
 PShAV -001 -009,שמוליק עצמון-וירצר,Series Record,00000npc^a22^^^^^^^^4500,^^^^^^k^^^^^^^^xx^^^^^^^^^^^^^^^^^^^^^^d,בית במצב טוב',VIS,ARCHIVE,NOULI,NOOCLC,MX,NNL,SUPPRESSED
 PShAV -001 -009 -001,שמוליק עצמון-וירצר,File Record,00000npc^a22^^^^^^^^4500,^^^^^^k^^^^^^^^xx^^^^^^^^^^^^^^^^^^^^^^d,תצלומים - 'בית במצב טוב',VIS,ARCHIVE,NOULI,NOOCLC,MX,NNL,SUPPRESSED
 PShAV -001 -009 -002,שמוליק עצמון-וירצר,File Record,00000npc^a22^^^^^^^^4500,^^^^^^k^^^^^^^^xx^^^^^^^^^^^^^^^^^^^^^^d,מכתבים - 'בית במצב טוב',VIS,ARCHIVE,NOULI,NOOCLC,MX,NNL,SUPPRESSED
 PShAV -001 -009 -003,שמוליק עצמון-וירצר,File Record,00000npc^a22^^^^^^^^4500,^^^^^^k^^^^^^^^xx^^^^^^^^^^^^^^^^^^^^^^d,תכנייה - 'בית במצב טוב',VIS,ARCHIVE,NOULI,NOOCLC,MX,NNL,SUPPRESSED
 PShAV -001 -009 -004,שמוליק עצמון-וירצר,File Record,00000npc^a22^^^^^^^^4500,^^^^^^k^^^^^^^^xx^^^^^^^^^^^^^^^^^^^^^^d,מחזה - 'בית במצב טוב',VIS,ARCHIVE,NOULI,NOOCLC,MX,NNL,SUPPRESSED
 PShAV -001 -009 -005,שמוליק עצמון-וירצר,File Record,00000npc^a22^^^^^^^^4500,^^^^^^k^^^^^^^^xx^^^^^^^^^^^^^^^^^^^^^^d,עיתונות עברית - 'בית במצב טוב',VIS,ARCHIVE,NOULI,NOOCLC,MX,NNL,SUPPRESSED
 PShAV -001 -009 -006,שמוליק עצמון-וירצר,File Record,00000npc^a22^^^^^^^^4500,^^^^^^k^^^^^^^^xx^^^^^^^^^^^^^^^^^^^^^^d,עיתונות לעז - 'בית במצב טוב',VIS,ARCHIVE,NOULI,NOOCLC,MX,NNL,SUPPRESSED
 PShAV -001 -010,שמוליק עצמון-וירצר,Series Record,00000npc^a22^^^^^^^^4500,^^^^^^k^^^^^^^^xx^^^^^^^^^^^^^^^^^^^^^^d,אפיריון הכלולות,VIS,ARCHIVE,NOULI,NOOCLC,MX,NNL,SUPPRESSED
 PShAV -001 -010 -001,שמוליק עצמון-וירצר,File Record,00000npc^a22^^^^^^^^4500,^^^^^^k^^^^^^^^xx^^^^^^^^^^^^^^^^^^^^^^d,תצלומים 1 מתוך 2 - 'אפיריון הכלולות',VIS,ARCHIVE,NOULI,NOOCLC,MX,NNL,SUPPRESSED
 PShAV -001 -010 -002,שמוליק עצמון-וירצר,File Record,00000npc^a22^^^^^^^^4500,^^^^^^k^^^^^^^^xx^^^^^^^^^^^^^^^^^^^^^^d,תצלומים 2 מתוך 2 - 'אפיריון הכלולות',VIS,ARCHIVE,NOULI,NOOCLC,MX,NNL,SUPPRESSED
 PShAV -001 -010 -003,שמוליק עצמון-וירצר,File Record,00000npc^a22^^^^^^^^4500,^^^^^^k^^^^^^^^xx^^^^^^^^^^^^^^^^^^^^^^d,כרזה - 'אפיריון הכלולות',VIS,ARCHIVE,NOULI,NOOCLC,MX,NNL,SUPPRESSED
 PShAV -001 -011,שמוליק עצמון-וירצר,Series Record,00000npc^a22^^^^^^^^4500,^^^^^^k^^^^^^^^xx^^^^^^^^^^^^^^^^^^^^^^d,ביבר הזכוכית,VIS,ARCHIVE,NOULI,NOOCLC,MX,NNL,SUPPRESSED
 PShAV -001 -011 -001,שמוליק עצמון-וירצר,File Record,00000npc^a22^^^^^^^^4500,^^^^^^k^^^^^^^^xx^^^^^^^^^^^^^^^^^^^^^^d,תצלומים - 'ביבר הזכוכית',VIS,ARCHIVE,NOULI,NOOCLC,MX,NNL,SUPPRESSED
 PShAV -001 -011 -002,שמוליק עצמון-וירצר,File Record,00000npc^a22^^^^^^^^4500,^^^^^^k^^^^^^^^xx^^^^^^^^^^^^^^^^^^^^^^d,תצלומים ודפי קונטקט - 'ביבר הזכוכית',VIS,ARCHIVE,NOULI,NOOCLC,MX,NNL,SUPPRESSED
 PShAV -001 -011 -003,שמוליק עצמון-וירצר,File Record,00000npc^a22^^^^^^^^4500,^^^^^^k^^^^^^^^xx^^^^^^^^^^^^^^^^^^^^^^d,מסמך אישור - 'ביבר הזכוכית',VIS,ARCHIVE,NOULI,NOOCLC,MX,NNL,SUPPRESSED
 PShAV -001 -012,שמוליק עצמון-וירצר,Series Record,00000npc^a22^^^^^^^^4500,^^^^^^k^^^^^^^^xx^^^^^^^^^^^^^^^^^^^^^^d,חומרים נוספים,VIS,ARCHIVE,NOULI,NOOCLC,MX,NNL,SUPPRESSED
 PShAV -001 -012 -001,שמוליק עצמון-וירצר,File Record,00000npc^a22^^^^^^^^4500,^^^^^^k^^^^^^^^xx^^^^^^^^^^^^^^^^^^^^^^d,תכנייה - 'סטרפטיז',VIS,ARCHIVE,NOULI,NOOCLC,MX,NNL,SUPPRESSED
 PShAV -001 -012 -002,שמוליק עצמון-וירצר,File Record,00000npc^a22^^^^^^^^4500,^^^^^^k^^^^^^^^xx^^^^^^^^^^^^^^^^^^^^^^d,תכנייה - 'מרקו',VIS,ARCHIVE,NOULI,NOOCLC,MX,NNL,SUPPRESSED
 PShAV -001 -012 -003,שמוליק עצמון-וירצר,File Record,00000npc^a22^^^^^^^^4500,^^^^^^k^^^^^^^^xx^^^^^^^^^^^^^^^^^^^^^^d,תכנייה - 'אהבה שכזאת',VIS,ARCHIVE,NOULI,NOOCLC,MX,NNL,SUPPRESSED
 PShAV -001 -012 -004,שמוליק עצמון-וירצר,File Record,00000npc^a22^^^^^^^^4500,^^^^^^k^^^^^^^^xx^^^^^^^^^^^^^^^^^^^^^^d,תכנייה - 'שטח של הפקר',VIS,ARCHIVE,NOULI,NOOCLC,MX,NNL,SUPPRESSED
 PShAV -001 -012 -005,שמוליק עצמון-וירצר,File Record,00000npc^a22^^^^^^^^4500,^^^^^^k^^^^^^^^xx^^^^^^^^^^^^^^^^^^^^^^d,מכתבים - תיאטרון זווית,VIS,ARCHIVE,NOULI,NOOCLC,MX,NNL,SUPPRESSED
 PShAV -001 -012 -006,שמוליק עצמון-וירצר,File Record,00000npc^a22^^^^^^^^4500,^^^^^^k^^^^^^^^xx^^^^^^^^^^^^^^^^^^^^^^d,עלון - תיאטרון זווית,VIS,ARCHIVE,NOULI,NOOCLC,MX,NNL,SUPPRESSED
 PShAV -001 -012 -007,שמוליק עצמון-וירצר,File Record,00000npc^a22^^^^^^^^4500,^^^^^^k^^^^^^^^xx^^^^^^^^^^^^^^^^^^^^^^d,כרטיס ברכה - תיאטרון זווית,VIS,ARCHIVE,NOULI,NOOCLC,MX,NNL,SUPPRESSED
 PShAV -001 -012 -008,שמוליק עצמון-וירצר,File Record,00000npc^a22^^^^^^^^4500,^^^^^^k^^^^^^^^xx^^^^^^^^^^^^^^^^^^^^^^d,תצלום - 'פרח הקקטוס',VIS,ARCHIVE,NOULI,NOOCLC,MX,NNL,SUPPRESSED
 PShAV -001 -012 -009,שמוליק עצמון-וירצר,File Record,00000npc^a22^^^^^^^^4500,^^^^^^k^^^^^^^^xx^^^^^^^^^^^^^^^^^^^^^^d,תצלומים - 'מות הסוכן',VIS,ARCHIVE,NOULI,NOOCLC,MX,NNL,SUPPRESSED
 PShAV -001 -012 -010,שמוליק עצמון-וירצר,File Record,00000npc^a22^^^^^^^^4500,^^^^^^k^^^^^^^^xx^^^^^^^^^^^^^^^^^^^^^^d,תצלומים - 'הכרטסת',VIS,ARCHIVE,NOULI,NOOCLC,MX,NNL,SUPPRESSED
 PShAV -001 -012 -011,שמוליק עצמון-וירצר,File Record,00000npc^a22^^^^^^^^4500,^^^^^^k^^^^^^^^xx^^^^^^^^^^^^^^^^^^^^^^d,תצלומים - 'יצור מוזר האדם',VIS,ARCHIVE,NOULI,NOOCLC,MX,NNL,SUPPRESSED
45234,שמוליק עצמון-וירצר,Fonds Record,00000npc^a22^^^^^^^^4500,^^^^^^k^^^^^^^^xx^^^^^^^^^^^^^^^^^^^^^^d,שלושת השמוליקים,VIS,ARCHIVE,NOULI,NOOCLC,MX,NNL,SUPPRESSED
 PShAV -002 -001,שמוליק עצמון-וירצר,Series Record,00000npc^a22^^^^^^^^4500,^^^^^^k^^^^^^^^xx^^^^^^^^^^^^^^^^^^^^^^d,"די קליינע מענטשלאך', 1960 -1976",VIS,ARCHIVE,NOULI,NOOCLC,MX,NNL,SUPPRESSED
 PShAV -002 -001 -001,שמוליק עצמון-וירצר,File Record,00000npc^a22^^^^^^^^4500,^^^^^^k^^^^^^^^xx^^^^^^^^^^^^^^^^^^^^^^d,"עיתונות עברית -
'די קליינע מענטשלאך', 1960 -1976",VIS,ARCHIVE,NOULI,NOOCLC,MX,NNL,SUPPRESSED
 PShAV -002 -001 -002,שמוליק עצמון-וירצר,File Record,00000npc^a22^^^^^^^^4500,^^^^^^k^^^^^^^^xx^^^^^^^^^^^^^^^^^^^^^^d,"עיתונות יידית - 
'די קליינע מענטשלאך', 1960 -1976",VIS,ARCHIVE,NOULI,NOOCLC,MX,NNL,SUPPRESSED
 PShAV -002 -001 -003,שמוליק עצמון-וירצר,File Record,00000npc^a22^^^^^^^^4500,^^^^^^k^^^^^^^^xx^^^^^^^^^^^^^^^^^^^^^^d,"עיתונות לועזית -
'די קליינע מענטשלאך' 1960 -1976",VIS,ARCHIVE,NOULI,NOOCLC,MX,NNL,SUPPRESSED
 PShAV -002 -001 -004,שמוליק עצמון-וירצר,File Record,00000npc^a22^^^^^^^^4500,^^^^^^k^^^^^^^^xx^^^^^^^^^^^^^^^^^^^^^^d,מערכונים - אליהו גולדנברג,VIS,ARCHIVE,NOULI,NOOCLC,MX,NNL,SUPPRESSED
 PShAV -002 -001 -005,שמוליק עצמון-וירצר,File Record,00000npc^a22^^^^^^^^4500,^^^^^^k^^^^^^^^xx^^^^^^^^^^^^^^^^^^^^^^d,מכתבים עבור אליהו גולדנברג,VIS,ARCHIVE,NOULI,NOOCLC,MX,NNL,SUPPRESSED
 PShAV -002 -001 -006,שמוליק עצמון-וירצר,File Record,00000npc^a22^^^^^^^^4500,^^^^^^k^^^^^^^^xx^^^^^^^^^^^^^^^^^^^^^^d,מכתבים עבור שמוליק סגל,VIS,ARCHIVE,NOULI,NOOCLC,MX,NNL,SUPPRESSED
 PShAV -002 -001 -007,שמוליק עצמון-וירצר,File Record,00000npc^a22^^^^^^^^4500,^^^^^^k^^^^^^^^xx^^^^^^^^^^^^^^^^^^^^^^d,"חולפות - 
'די קליינע מענטשלאך' 1960-1976",VIS,ARCHIVE,NOULI,NOOCLC,MX,NNL,SUPPRESSED
 PShAV -002 -001 -008,שמוליק עצמון-וירצר,File Record,00000npc^a22^^^^^^^^4500,^^^^^^k^^^^^^^^xx^^^^^^^^^^^^^^^^^^^^^^d,"כרזות - 
'די קליינע מענטשלאך' 1960 -1976",VIS,ARCHIVE,NOULI,NOOCLC,MX,NNL,SUPPRESSED
 PShAV -002 -001 -009,שמוליק עצמון-וירצר,File Record,00000npc^a22^^^^^^^^4500,^^^^^^k^^^^^^^^xx^^^^^^^^^^^^^^^^^^^^^^d,"אלבום עיתונות:
'די קליינע מענטשלאך' 1961",VIS,ARCHIVE,NOULI,NOOCLC,MX,NNL,SUPPRESSED
 PShAV -002 -001 -010,שמוליק עצמון-וירצר,File Record,00000npc^a22^^^^^^^^4500,^^^^^^k^^^^^^^^xx^^^^^^^^^^^^^^^^^^^^^^d,"תצלומים - 'די קליינע מענטשלאך', 1 מתוך 4",VIS,ARCHIVE,NOULI,NOOCLC,MX,NNL,SUPPRESSED
 PShAV -002 -001 -011,שמוליק עצמון-וירצר,File Record,00000npc^a22^^^^^^^^4500,^^^^^^k^^^^^^^^xx^^^^^^^^^^^^^^^^^^^^^^d,"תצלומים - 'די קליינע מענטשלאך', 2 מתוך 4",VIS,ARCHIVE,NOULI,NOOCLC,MX,NNL,SUPPRESSED
 PShAV -002 -001 -012,שמוליק עצמון-וירצר,File Record,00000npc^a22^^^^^^^^4500,^^^^^^k^^^^^^^^xx^^^^^^^^^^^^^^^^^^^^^^d,"תצלומים - 'די קליינע מענטשלאך', 3 מתוך 4",VIS,ARCHIVE,NOULI,NOOCLC,MX,NNL,SUPPRESSED
 PShAV -002 -001 -013,שמוליק עצמון-וירצר,File Record,00000npc^a22^^^^^^^^4500,^^^^^^k^^^^^^^^xx^^^^^^^^^^^^^^^^^^^^^^d,"תצלומים - 'די קליינע מענטשלאך', 4 מתוך 4",VIS,ARCHIVE,NOULI,NOOCLC,MX,NNL,SUPPRESSED
 PShAV -002 -001 -014,שמוליק עצמון-וירצר,File Record,00000npc^a22^^^^^^^^4500,^^^^^^k^^^^^^^^xx^^^^^^^^^^^^^^^^^^^^^^d,שקף תצלום - 'די קליינע מענטשלאך',VIS,ARCHIVE,NOULI,NOOCLC,MX,NNL,SUPPRESSED
 PShAV -002 -001 -015,שמוליק עצמון-וירצר,File Record,00000npc^a22^^^^^^^^4500,^^^^^^k^^^^^^^^xx^^^^^^^^^^^^^^^^^^^^^^d,תצלום מודפס - שרה גינור,VIS,ARCHIVE,NOULI,NOOCLC,MX,NNL,SUPPRESSED
 PShAV -002 -001 -016,שמוליק עצמון-וירצר,File Record,00000npc^a22^^^^^^^^4500,^^^^^^k^^^^^^^^xx^^^^^^^^^^^^^^^^^^^^^^d,נאום - שמוליק סגל,VIS,ARCHIVE,NOULI,NOOCLC,MX,NNL,SUPPRESSED
 PShAV -002 -002,שמוליק עצמון-וירצר,Series Record,00000npc^a22^^^^^^^^4500,^^^^^^k^^^^^^^^xx^^^^^^^^^^^^^^^^^^^^^^d,שלושת השמוליקים - שנות ה 80,VIS,ARCHIVE,NOULI,NOOCLC,MX,NNL,SUPPRESSED
 PShAV -002 -002 -001,שמוליק עצמון-וירצר,File Record,00000npc^a22^^^^^^^^4500,^^^^^^k^^^^^^^^xx^^^^^^^^^^^^^^^^^^^^^^d,"עיתונות עברית - שלושת השמוליקים, 1980 -1982",VIS,ARCHIVE,NOULI,NOOCLC,MX,NNL,SUPPRESSED
 PShAV -002 -002 -002,שמוליק עצמון-וירצר,File Record,00000npc^a22^^^^^^^^4500,^^^^^^k^^^^^^^^xx^^^^^^^^^^^^^^^^^^^^^^d,"עיתונות יידית- שלושת השמוליקים, 1980 -1982",VIS,ARCHIVE,NOULI,NOOCLC,MX,NNL,SUPPRESSED
 PShAV -002 -002 -003,שמוליק עצמון-וירצר,File Record,00000npc^a22^^^^^^^^4500,^^^^^^k^^^^^^^^xx^^^^^^^^^^^^^^^^^^^^^^d,"עיתונות לועזית - שלושת השמוליקים
1980 -1982",VIS,ARCHIVE,NOULI,NOOCLC,MX,NNL,SUPPRESSED
 PShAV -002 -002 -004,שמוליק עצמון-וירצר,File Record,00000npc^a22^^^^^^^^4500,^^^^^^k^^^^^^^^xx^^^^^^^^^^^^^^^^^^^^^^d,"עיתונות עברית - שלושת השמוליקים
 1983-1985",VIS,ARCHIVE,NOULI,NOOCLC,MX,NNL,SUPPRESSED
 PShAV -002 -002 -005,שמוליק עצמון-וירצר,File Record,00000npc^a22^^^^^^^^4500,^^^^^^k^^^^^^^^xx^^^^^^^^^^^^^^^^^^^^^^d,"עיתונות עברית - שלושת השמוליקים
 1986-1989, 1997",VIS,ARCHIVE,NOULI,NOOCLC,MX,NNL,SUPPRESSED
 PShAV -002 -002 -006,שמוליק עצמון-וירצר,File Record,00000npc^a22^^^^^^^^4500,^^^^^^k^^^^^^^^xx^^^^^^^^^^^^^^^^^^^^^^d,"עיתונות יידית - שלושת השמוליקים
1985-1989",VIS,ARCHIVE,NOULI,NOOCLC,MX,NNL,SUPPRESSED
 PShAV -002 -002 -007,שמוליק עצמון-וירצר,File Record,00000npc^a22^^^^^^^^4500,^^^^^^k^^^^^^^^xx^^^^^^^^^^^^^^^^^^^^^^d,"עיתונות לועזית - שלושת השמוליקים
1989 -1984",VIS,ARCHIVE,NOULI,NOOCLC,MX,NNL,SUPPRESSED
 PShAV -002 -002 -008,שמוליק עצמון-וירצר,File Record,00000npc^a22^^^^^^^^4500,^^^^^^k^^^^^^^^xx^^^^^^^^^^^^^^^^^^^^^^d,מערכונים - שלושת שמוליקים,VIS,ARCHIVE,NOULI,NOOCLC,MX,NNL,SUPPRESSED
 PShAV -002 -002 -009,שמוליק עצמון-וירצר,File Record,00000npc^a22^^^^^^^^4500,^^^^^^k^^^^^^^^xx^^^^^^^^^^^^^^^^^^^^^^d,מחברת מערכונים,VIS,ARCHIVE,NOULI,NOOCLC,MX,NNL,SUPPRESSED
 PShAV -002 -002 -010,שמוליק עצמון-וירצר,File Record,00000npc^a22^^^^^^^^4500,^^^^^^k^^^^^^^^xx^^^^^^^^^^^^^^^^^^^^^^d,תכניות ישראל - שלושת השמוליקים,VIS,ARCHIVE,NOULI,NOOCLC,MX,NNL,SUPPRESSED
 PShAV -002 -002 -011,שמוליק עצמון-וירצר,File Record,00000npc^a22^^^^^^^^4500,^^^^^^k^^^^^^^^xx^^^^^^^^^^^^^^^^^^^^^^d,תכניות בעולם - שלושת השמוליקים,VIS,ARCHIVE,NOULI,NOOCLC,MX,NNL,SUPPRESSED
 PShAV -002 -002 -012,שמוליק עצמון-וירצר,File Record,00000npc^a22^^^^^^^^4500,^^^^^^k^^^^^^^^xx^^^^^^^^^^^^^^^^^^^^^^d,"מכתבים - שלושת השמוליקים, שנות ה 80",VIS,ARCHIVE,NOULI,NOOCLC,MX,NNL,SUPPRESSED
 PShAV -002 -002 -013,שמוליק עצמון-וירצר,File Record,00000npc^a22^^^^^^^^4500,^^^^^^k^^^^^^^^xx^^^^^^^^^^^^^^^^^^^^^^d,עלונים הבימה,VIS,ARCHIVE,NOULI,NOOCLC,MX,NNL,SUPPRESSED
 PShAV -002 -002 -014,שמוליק עצמון-וירצר,File Record,00000npc^a22^^^^^^^^4500,^^^^^^k^^^^^^^^xx^^^^^^^^^^^^^^^^^^^^^^d,ניתוח גרפולוגי,VIS,ARCHIVE,NOULI,NOOCLC,MX,NNL,SUPPRESSED
 PShAV -002 -002 -015,שמוליק עצמון-וירצר,File Record,00000npc^a22^^^^^^^^4500,^^^^^^k^^^^^^^^xx^^^^^^^^^^^^^^^^^^^^^^d,כרזה - שלושת השמוליקים,VIS,ARCHIVE,NOULI,NOOCLC,MX,NNL,SUPPRESSED
 PShAV -002 -002 -016,שמוליק עצמון-וירצר,File Record,00000npc^a22^^^^^^^^4500,^^^^^^k^^^^^^^^xx^^^^^^^^^^^^^^^^^^^^^^d,תצלומים - יצחק ברז,VIS,ARCHIVE,NOULI,NOOCLC,MX,NNL,SUPPRESSED
 PShAV -002 -002 -017,שמוליק עצמון-וירצר,File Record,00000npc^a22^^^^^^^^4500,^^^^^^k^^^^^^^^xx^^^^^^^^^^^^^^^^^^^^^^d,תצלומים - צלם לא ידוע,VIS,ARCHIVE,NOULI,NOOCLC,MX,NNL,SUPPRESSED
 PShAV -002 -002 -018,שמוליק עצמון-וירצר,File Record,00000npc^a22^^^^^^^^4500,^^^^^^k^^^^^^^^xx^^^^^^^^^^^^^^^^^^^^^^d,תצלומים - אנדרה ברוטמן,VIS,ARCHIVE,NOULI,NOOCLC,MX,NNL,SUPPRESSED
 PShAV -002 -002 -019,שמוליק עצמון-וירצר,File Record,00000npc^a22^^^^^^^^4500,^^^^^^k^^^^^^^^xx^^^^^^^^^^^^^^^^^^^^^^d,תצלומים - רוזנסקי,VIS,ARCHIVE,NOULI,NOOCLC,MX,NNL,SUPPRESSED
 PShAV -002 -002 -020,שמוליק עצמון-וירצר,File Record,00000npc^a22^^^^^^^^4500,^^^^^^k^^^^^^^^xx^^^^^^^^^^^^^^^^^^^^^^d,"תצלומים על רקע מסגרת, 1 מתוך 2",VIS,ARCHIVE,NOULI,NOOCLC,MX,NNL,SUPPRESSED
 PShAV -002 -002 -021,שמוליק עצמון-וירצר,File Record,00000npc^a22^^^^^^^^4500,^^^^^^k^^^^^^^^xx^^^^^^^^^^^^^^^^^^^^^^d,"תצלומים על רקע מסגרת, 2 מתוך 2",VIS,ARCHIVE,NOULI,NOOCLC,MX,NNL,SUPPRESSED
 PShAV -002 -002 -022,שמוליק עצמון-וירצר,File Record,00000npc^a22^^^^^^^^4500,^^^^^^k^^^^^^^^xx^^^^^^^^^^^^^^^^^^^^^^d,דפי קונטקט,VIS,ARCHIVE,NOULI,NOOCLC,MX,NNL,SUPPRESSED
 PShAV -002 -002 -023,שמוליק עצמון-וירצר,File Record,00000npc^a22^^^^^^^^4500,^^^^^^k^^^^^^^^xx^^^^^^^^^^^^^^^^^^^^^^d,קאנקורענטן',VIS,ARCHIVE,NOULI,NOOCLC,MX,NNL,SUPPRESSED
 PShAV -002 -002 -024,שמוליק עצמון-וירצר,File Record,00000npc^a22^^^^^^^^4500,^^^^^^k^^^^^^^^xx^^^^^^^^^^^^^^^^^^^^^^d,מכתבים - שמואל עצמון וטום ארנהרט,VIS,ARCHIVE,NOULI,NOOCLC,MX,NNL,SUPPRESSED
 PShAV -002 -002 -025,שמוליק עצמון-וירצר,File Record,00000npc^a22^^^^^^^^4500,^^^^^^k^^^^^^^^xx^^^^^^^^^^^^^^^^^^^^^^d,חולפות - השמוליקים,VIS,ARCHIVE,NOULI,NOOCLC,MX,NNL,SUPPRESSED
 PShAV -002 -002 -026,שמוליק עצמון-וירצר,File Record,00000npc^a22^^^^^^^^4500,^^^^^^k^^^^^^^^xx^^^^^^^^^^^^^^^^^^^^^^d,מכתבים - תיאום הופעות,VIS,ARCHIVE,NOULI,NOOCLC,MX,NNL,SUPPRESSED
 PShAV -002 -002 -027,שמוליק עצמון-וירצר,File Record,00000npc^a22^^^^^^^^4500,^^^^^^k^^^^^^^^xx^^^^^^^^^^^^^^^^^^^^^^d,מסמכים מנהליים - שלושת השמוליקים,VIS,ARCHIVE,NOULI,NOOCLC,MX,NNL,SUPPRESSED
 PShAV -002 -002 -028,שמוליק עצמון-וירצר,File Record,00000npc^a22^^^^^^^^4500,^^^^^^k^^^^^^^^xx^^^^^^^^^^^^^^^^^^^^^^d,סקיצות - השמוליקים,VIS,ARCHIVE,NOULI,NOOCLC,MX,NNL,SUPPRESSED
 PShAV -002 -003,שמוליק עצמון-וירצר,Series Record,00000npc^a22^^^^^^^^4500,^^^^^^k^^^^^^^^xx^^^^^^^^^^^^^^^^^^^^^^d,שלושת השמוליקים- וייסבאדן וגרמניה,VIS,ARCHIVE,NOULI,NOOCLC,MX,NNL,SUPPRESSED
 PShAV -002 -003-001,שמוליק עצמון-וירצר,File Record,00000npc^a22^^^^^^^^4500,^^^^^^k^^^^^^^^xx^^^^^^^^^^^^^^^^^^^^^^d,תקציר הופעה בגרמנית,VIS,ARCHIVE,NOULI,NOOCLC,MX,NNL,SUPPRESSED
 PShAV -002 -003-002,שמוליק עצמון-וירצר,File Record,00000npc^a22^^^^^^^^4500,^^^^^^k^^^^^^^^xx^^^^^^^^^^^^^^^^^^^^^^d,תקצירים - גרמנית וספרדית,VIS,ARCHIVE,NOULI,NOOCLC,MX,NNL,SUPPRESSED
 PShAV -002 -003-004,שמוליק עצמון-וירצר,File Record,00000npc^a22^^^^^^^^4500,^^^^^^k^^^^^^^^xx^^^^^^^^^^^^^^^^^^^^^^d,חולפות - פסטיבל תיאטרון,VIS,ARCHIVE,NOULI,NOOCLC,MX,NNL,SUPPRESSED
 PShAV -002 -003-005,שמוליק עצמון-וירצר,File Record,00000npc^a22^^^^^^^^4500,^^^^^^k^^^^^^^^xx^^^^^^^^^^^^^^^^^^^^^^d,חולפות - הופעות בגרמניה,VIS,ARCHIVE,NOULI,NOOCLC,MX,NNL,SUPPRESSED
 PShAV -002 -003-006,שמוליק עצמון-וירצר,File Record,00000npc^a22^^^^^^^^4500,^^^^^^k^^^^^^^^xx^^^^^^^^^^^^^^^^^^^^^^d,תכנייה - וייסבאדן,VIS,ARCHIVE,NOULI,NOOCLC,MX,NNL,SUPPRESSED
 PShAV -002 -003-007,שמוליק עצמון-וירצר,File Record,00000npc^a22^^^^^^^^4500,^^^^^^k^^^^^^^^xx^^^^^^^^^^^^^^^^^^^^^^d,תכנייה בינלאומית - הבימה,VIS,ARCHIVE,NOULI,NOOCLC,MX,NNL,SUPPRESSED
 PShAV -002 -003-008,שמוליק עצמון-וירצר,File Record,00000npc^a22^^^^^^^^4500,^^^^^^k^^^^^^^^xx^^^^^^^^^^^^^^^^^^^^^^d,כרזה - וייסבאדן,VIS,ARCHIVE,NOULI,NOOCLC,MX,NNL,SUPPRESSED
 PShAV -003,שמוליק עצמון-וירצר,Fonds Record,00000npc^a22^^^^^^^^4500,^^^^^^k^^^^^^^^xx^^^^^^^^^^^^^^^^^^^^^^d,תיאטרון היידישפיל,VIS,ARCHIVE,NOULI,NOOCLC,MX,NNL,SUPPRESSED
 PShAV -003-001,שמוליק עצמון-וירצר,Series Record,00000npc^a22^^^^^^^^4500,^^^^^^k^^^^^^^^xx^^^^^^^^^^^^^^^^^^^^^^d,15 שנה ליידישפיל,VIS,ARCHIVE,NOULI,NOOCLC,MX,NNL,SUPPRESSED
 PShAV -003-001-001,שמוליק עצמון-וירצר,File Record,00000npc^a22^^^^^^^^4500,^^^^^^k^^^^^^^^xx^^^^^^^^^^^^^^^^^^^^^^d,עיתונות - 15 שנה ליידישפיל,VIS,ARCHIVE,NOULI,NOOCLC,MX,NNL,SUPPRESSED
 PShAV -003-001-002,שמוליק עצמון-וירצר,File Record,00000npc^a22^^^^^^^^4500,^^^^^^k^^^^^^^^xx^^^^^^^^^^^^^^^^^^^^^^d,תמלולים - 15 שנה ליידישפיל,VIS,ARCHIVE,NOULI,NOOCLC,MX,NNL,SUPPRESSED
 PShAV -003-001-003,שמוליק עצמון-וירצר,File Record,00000npc^a22^^^^^^^^4500,^^^^^^k^^^^^^^^xx^^^^^^^^^^^^^^^^^^^^^^d,קטעי הנחיה ורשימות - 15 שנה ליידישפיל,VIS,ARCHIVE,NOULI,NOOCLC,MX,NNL,SUPPRESSED
 PShAV -003-001-004,שמוליק עצמון-וירצר,File Record,00000npc^a22^^^^^^^^4500,^^^^^^k^^^^^^^^xx^^^^^^^^^^^^^^^^^^^^^^d,חולפות - 15 שנה ליידישפיל,VIS,ARCHIVE,NOULI,NOOCLC,MX,NNL,SUPPRESSED
 PShAV -003-001-005,שמוליק עצמון-וירצר,File Record,00000npc^a22^^^^^^^^4500,^^^^^^k^^^^^^^^xx^^^^^^^^^^^^^^^^^^^^^^d,מכתבים - 15 שנה ליידישפיל,VIS,ARCHIVE,NOULI,NOOCLC,MX,NNL,SUPPRESSED
 PShAV -003-002,שמוליק עצמון-וירצר,Series Record,00000npc^a22^^^^^^^^4500,^^^^^^k^^^^^^^^xx^^^^^^^^^^^^^^^^^^^^^^d,עפרה אליגון 1988-1990,VIS,ARCHIVE,NOULI,NOOCLC,MX,NNL,SUPPRESSED
 PShAV -003-002-001,שמוליק עצמון-וירצר,File Record,00000npc^a22^^^^^^^^4500,^^^^^^k^^^^^^^^xx^^^^^^^^^^^^^^^^^^^^^^d,מכתבים חוג ידידים - עפרה אליגון,VIS,ARCHIVE,NOULI,NOOCLC,MX,NNL,SUPPRESSED
 PShAV -003-002-002,שמוליק עצמון-וירצר,File Record,00000npc^a22^^^^^^^^4500,^^^^^^k^^^^^^^^xx^^^^^^^^^^^^^^^^^^^^^^d,מכתבי תורמים - עפרה אליגון,VIS,ARCHIVE,NOULI,NOOCLC,MX,NNL,SUPPRESSED
 PShAV -003-002-003,שמוליק עצמון-וירצר,File Record,00000npc^a22^^^^^^^^4500,^^^^^^k^^^^^^^^xx^^^^^^^^^^^^^^^^^^^^^^d,מכתבי תודה והזמנות - עפרה אליגון,VIS,ARCHIVE,NOULI,NOOCLC,MX,NNL,SUPPRESSED
 PShAV -003-002-004,שמוליק עצמון-וירצר,File Record,00000npc^a22^^^^^^^^4500,^^^^^^k^^^^^^^^xx^^^^^^^^^^^^^^^^^^^^^^d,מכתבים בנוגע לשיתופי פעולה - עפרה אליגון,VIS,ARCHIVE,NOULI,NOOCLC,MX,NNL,SUPPRESSED
 PShAV -003-002-005,שמוליק עצמון-וירצר,File Record,00000npc^a22^^^^^^^^4500,^^^^^^k^^^^^^^^xx^^^^^^^^^^^^^^^^^^^^^^d,מכתבים עם שמואל עצמון - עפרה אליגון,VIS,ARCHIVE,NOULI,NOOCLC,MX,NNL,SUPPRESSED
 PShAV -003-002-006,שמוליק עצמון-וירצר,File Record,00000npc^a22^^^^^^^^4500,^^^^^^k^^^^^^^^xx^^^^^^^^^^^^^^^^^^^^^^d,רשימות בכתב יד - עפרה אליגון,VIS,ARCHIVE,NOULI,NOOCLC,MX,NNL,SUPPRESSED
 PShAV -003-002-007,שמוליק עצמון-וירצר,File Record,00000npc^a22^^^^^^^^4500,^^^^^^k^^^^^^^^xx^^^^^^^^^^^^^^^^^^^^^^d,רשימות מודפסות - עפרה אליגון,VIS,ARCHIVE,NOULI,NOOCLC,MX,NNL,SUPPRESSED
 PShAV -003-002-008,שמוליק עצמון-וירצר,File Record,00000npc^a22^^^^^^^^4500,^^^^^^k^^^^^^^^xx^^^^^^^^^^^^^^^^^^^^^^d,חולפות - עפרה אליגון,VIS,ARCHIVE,NOULI,NOOCLC,MX,NNL,SUPPRESSED
 PShAV -003-002-009,שמוליק עצמון-וירצר,File Record,00000npc^a22^^^^^^^^4500,^^^^^^k^^^^^^^^xx^^^^^^^^^^^^^^^^^^^^^^d,מסמכים - עפרה אליגון,VIS,ARCHIVE,NOULI,NOOCLC,MX,NNL,SUPPRESSED
 PShAV -003-003,שמוליק עצמון-וירצר,Series Record,00000npc^a22^^^^^^^^4500,^^^^^^k^^^^^^^^xx^^^^^^^^^^^^^^^^^^^^^^d,תיאטרון החסד,VIS,ARCHIVE,NOULI,NOOCLC,MX,NNL,SUPPRESSED
 PShAV -003-003-001,שמוליק עצמון-וירצר,File Record,00000npc^a22^^^^^^^^4500,^^^^^^k^^^^^^^^xx^^^^^^^^^^^^^^^^^^^^^^d,מכתבים- תיאטרון החסד,VIS,ARCHIVE,NOULI,NOOCLC,MX,NNL,SUPPRESSED
 PShAV -003-003-002,שמוליק עצמון-וירצר,File Record,00000npc^a22^^^^^^^^4500,^^^^^^k^^^^^^^^xx^^^^^^^^^^^^^^^^^^^^^^d,עיתונות- תיאטרון החסד,VIS,ARCHIVE,NOULI,NOOCLC,MX,NNL,SUPPRESSED
 PShAV -003-003-003,שמוליק עצמון-וירצר,File Record,00000npc^a22^^^^^^^^4500,^^^^^^k^^^^^^^^xx^^^^^^^^^^^^^^^^^^^^^^d,תצלומים - תיאטרון החסד,VIS,ARCHIVE,NOULI,NOOCLC,MX,NNL,SUPPRESSED
 PShAV -003-003-004,שמוליק עצמון-וירצר,File Record,00000npc^a22^^^^^^^^4500,^^^^^^k^^^^^^^^xx^^^^^^^^^^^^^^^^^^^^^^d,דפי קונטקט - תיאטרון החסד,VIS,ARCHIVE,NOULI,NOOCLC,MX,NNL,SUPPRESSED
 PShAV -003-003-005,שמוליק עצמון-וירצר,File Record,00000npc^a22^^^^^^^^4500,^^^^^^k^^^^^^^^xx^^^^^^^^^^^^^^^^^^^^^^d,תמלול - תיאטרון החסד,VIS,ARCHIVE,NOULI,NOOCLC,MX,NNL,SUPPRESSED
 PShAV -003-004,שמוליק עצמון-וירצר,Series Record,00000npc^a22^^^^^^^^4500,^^^^^^k^^^^^^^^xx^^^^^^^^^^^^^^^^^^^^^^d,שמוליק וענת,VIS,ARCHIVE,NOULI,NOOCLC,MX,NNL,SUPPRESSED
 PShAV -003-004- 001,שמוליק עצמון-וירצר,File Record,00000npc^a22^^^^^^^^4500,^^^^^^k^^^^^^^^xx^^^^^^^^^^^^^^^^^^^^^^d,תמלולים - שמוליק וענת,VIS,ARCHIVE,NOULI,NOOCLC,MX,NNL,SUPPRESSED
 PShAV -003-004- 002,שמוליק עצמון-וירצר,File Record,00000npc^a22^^^^^^^^4500,^^^^^^k^^^^^^^^xx^^^^^^^^^^^^^^^^^^^^^^d,עיתונות - שמוליק וענת,VIS,ARCHIVE,NOULI,NOOCLC,MX,NNL,SUPPRESSED
 PShAV -003-004- 003,שמוליק עצמון-וירצר,File Record,00000npc^a22^^^^^^^^4500,^^^^^^k^^^^^^^^xx^^^^^^^^^^^^^^^^^^^^^^d,כרטיס ברכה - שמוליק וענת,VIS,ARCHIVE,NOULI,NOOCLC,MX,NNL,SUPPRESSED
 PShAV -003-004- 004,שמוליק עצמון-וירצר,File Record,00000npc^a22^^^^^^^^4500,^^^^^^k^^^^^^^^xx^^^^^^^^^^^^^^^^^^^^^^d,"שמוליק וענת - תצלומים, 1 מתוך 4",VIS,ARCHIVE,NOULI,NOOCLC,MX,NNL,SUPPRESSED
 PShAV -003-004- 005,שמוליק עצמון-וירצר,File Record,00000npc^a22^^^^^^^^4500,^^^^^^k^^^^^^^^xx^^^^^^^^^^^^^^^^^^^^^^d,"שמוליק וענת - תצלומים, 2 מתוך 4",VIS,ARCHIVE,NOULI,NOOCLC,MX,NNL,SUPPRESSED
 PShAV -003-004- 006,שמוליק עצמון-וירצר,File Record,00000npc^a22^^^^^^^^4500,^^^^^^k^^^^^^^^xx^^^^^^^^^^^^^^^^^^^^^^d,"שמוליק וענת - תצלומים, 3 מתוך 4",VIS,ARCHIVE,NOULI,NOOCLC,MX,NNL,SUPPRESSED
 PShAV -003-004- 007,שמוליק עצמון-וירצר,File Record,00000npc^a22^^^^^^^^4500,^^^^^^k^^^^^^^^xx^^^^^^^^^^^^^^^^^^^^^^d,"שמוליק וענת - תצלומים, 4 מתוך 4",VIS,ARCHIVE,NOULI,NOOCLC,MX,NNL,SUPPRESSED
 PShAV -003-004- 008,שמוליק עצמון-וירצר,File Record,00000npc^a22^^^^^^^^4500,^^^^^^k^^^^^^^^xx^^^^^^^^^^^^^^^^^^^^^^d,שמוליק וענת - דפי קונטקט,VIS,ARCHIVE,NOULI,NOOCLC,MX,NNL,SUPPRESSED
 PShAV -003-004- 009,שמוליק עצמון-וירצר,File Record,00000npc^a22^^^^^^^^4500,^^^^^^k^^^^^^^^xx^^^^^^^^^^^^^^^^^^^^^^d,שמוליק וענת - עלון,VIS,ARCHIVE,NOULI,NOOCLC,MX,NNL,SUPPRESSED
PShAV -003-005,שמוליק עצמון-וירצר,Series Record,00000npc^a22^^^^^^^^4500,^^^^^^k^^^^^^^^xx^^^^^^^^^^^^^^^^^^^^^^d,"תיאטרון יידישפיל- פרסים, אירועים ומופעים נוספים",VIS,ARCHIVE,NOULI,NOOCLC,MX,NNL,SUPPRESSED
PShAV -003-005-001,שמוליק עצמון-וירצר,File Record,00000npc^a22^^^^^^^^4500,^^^^^^k^^^^^^^^xx^^^^^^^^^^^^^^^^^^^^^^d,קובץ כתבים ביידיש,VIS,ARCHIVE,NOULI,NOOCLC,MX,NNL,SUPPRESSED
PShAV -003-005-002,שמוליק עצמון-וירצר,File Record,00000npc^a22^^^^^^^^4500,^^^^^^k^^^^^^^^xx^^^^^^^^^^^^^^^^^^^^^^d,רשימות - תיאטרון היידישפיל,VIS,ARCHIVE,NOULI,NOOCLC,MX,NNL,SUPPRESSED
PShAV -003-005-003,שמוליק עצמון-וירצר,File Record,00000npc^a22^^^^^^^^4500,^^^^^^k^^^^^^^^xx^^^^^^^^^^^^^^^^^^^^^^d,שירים ביידיש,VIS,ARCHIVE,NOULI,NOOCLC,MX,NNL,SUPPRESSED
PShAV -003-005-004,שמוליק עצמון-וירצר,File Record,00000npc^a22^^^^^^^^4500,^^^^^^k^^^^^^^^xx^^^^^^^^^^^^^^^^^^^^^^d,מכתבים - תיאטרון היידישפיל,VIS,ARCHIVE,NOULI,NOOCLC,MX,NNL,SUPPRESSED
PShAV -003-005-005,שמוליק עצמון-וירצר,File Record,00000npc^a22^^^^^^^^4500,^^^^^^k^^^^^^^^xx^^^^^^^^^^^^^^^^^^^^^^d,תקציר חיי אברהם גולדפדן,VIS,ARCHIVE,NOULI,NOOCLC,MX,NNL,SUPPRESSED
PShAV -003-005-006,שמוליק עצמון-וירצר,File Record,00000npc^a22^^^^^^^^4500,^^^^^^k^^^^^^^^xx^^^^^^^^^^^^^^^^^^^^^^d,תמלול ראיון,VIS,ARCHIVE,NOULI,NOOCLC,MX,NNL,SUPPRESSED
PShAV -003-005-007,שמוליק עצמון-וירצר,File Record,00000npc^a22^^^^^^^^4500,^^^^^^k^^^^^^^^xx^^^^^^^^^^^^^^^^^^^^^^d,חולפות - תיאטרון היידישפיל,VIS,ARCHIVE,NOULI,NOOCLC,MX,NNL,SUPPRESSED
PShAV -003-005-008,שמוליק עצמון-וירצר,File Record,00000npc^a22^^^^^^^^4500,^^^^^^k^^^^^^^^xx^^^^^^^^^^^^^^^^^^^^^^d,סקיצת איור,VIS,ARCHIVE,NOULI,NOOCLC,MX,NNL,SUPPRESSED
PShAV -003-005-009,שמוליק עצמון-וירצר,File Record,00000npc^a22^^^^^^^^4500,^^^^^^k^^^^^^^^xx^^^^^^^^^^^^^^^^^^^^^^d,עיתונות - תיאטרון היידישפיל,VIS,ARCHIVE,NOULI,NOOCLC,MX,NNL,SUPPRESSED
PShAV -003-005-010,שמוליק עצמון-וירצר,File Record,00000npc^a22^^^^^^^^4500,^^^^^^k^^^^^^^^xx^^^^^^^^^^^^^^^^^^^^^^d,עיתונות באנגלית - תיאטרון היידישפיל,VIS,ARCHIVE,NOULI,NOOCLC,MX,NNL,SUPPRESSED
PShAV -003-005-011,שמוליק עצמון-וירצר,File Record,00000npc^a22^^^^^^^^4500,^^^^^^k^^^^^^^^xx^^^^^^^^^^^^^^^^^^^^^^d,דף קונטקט- תיאטרון הידיישפיל,VIS,ARCHIVE,NOULI,NOOCLC,MX,NNL,SUPPRESSED
PShAV -003-005-012,שמוליק עצמון-וירצר,File Record,00000npc^a22^^^^^^^^4500,^^^^^^k^^^^^^^^xx^^^^^^^^^^^^^^^^^^^^^^d,תצלומים - מפגש עם הנשיא הרצוג,VIS,ARCHIVE,NOULI,NOOCLC,MX,NNL,SUPPRESSED
PShAV -003-005-013,שמוליק עצמון-וירצר,File Record,00000npc^a22^^^^^^^^4500,^^^^^^k^^^^^^^^xx^^^^^^^^^^^^^^^^^^^^^^d,תצלומים - פורים שפיל,VIS,ARCHIVE,NOULI,NOOCLC,MX,NNL,SUPPRESSED
PShAV -003-005-014,שמוליק עצמון-וירצר,File Record,00000npc^a22^^^^^^^^4500,^^^^^^k^^^^^^^^xx^^^^^^^^^^^^^^^^^^^^^^d,תצלומים - פרס לרנר,VIS,ARCHIVE,NOULI,NOOCLC,MX,NNL,SUPPRESSED
PShAV -003-005-015,שמוליק עצמון-וירצר,File Record,00000npc^a22^^^^^^^^4500,^^^^^^k^^^^^^^^xx^^^^^^^^^^^^^^^^^^^^^^d,"תצלומים - אירוע תנועת של""מ",VIS,ARCHIVE,NOULI,NOOCLC,MX,NNL,SUPPRESSED
PShAV -003-005-016,שמוליק עצמון-וירצר,File Record,00000npc^a22^^^^^^^^4500,^^^^^^k^^^^^^^^xx^^^^^^^^^^^^^^^^^^^^^^d,תצלומים - 'יאשה עגל',VIS,ARCHIVE,NOULI,NOOCLC,MX,NNL,SUPPRESSED
PShAV -003-005-017,שמוליק עצמון-וירצר,File Record,00000npc^a22^^^^^^^^4500,^^^^^^k^^^^^^^^xx^^^^^^^^^^^^^^^^^^^^^^d,חוברת - פרס לרנר 1999,VIS,ARCHIVE,NOULI,NOOCLC,MX,NNL,SUPPRESSED
PShAV -003-005-018,שמוליק עצמון-וירצר,File Record,00000npc^a22^^^^^^^^4500,^^^^^^k^^^^^^^^xx^^^^^^^^^^^^^^^^^^^^^^d,חוברת - פרס לרנר 2000,VIS,ARCHIVE,NOULI,NOOCLC,MX,NNL,SUPPRESSED
PShAV -003-005-019,שמוליק עצמון-וירצר,File Record,00000npc^a22^^^^^^^^4500,^^^^^^k^^^^^^^^xx^^^^^^^^^^^^^^^^^^^^^^d,תצלומים - שמו הולך לפניו,VIS,ARCHIVE,NOULI,NOOCLC,MX,NNL,SUPPRESSED
PShAV -003-005-020,שמוליק עצמון-וירצר,File Record,00000npc^a22^^^^^^^^4500,^^^^^^k^^^^^^^^xx^^^^^^^^^^^^^^^^^^^^^^d,כרזה- 'די לעצטע ליבע',VIS,ARCHIVE,NOULI,NOOCLC,MX,NNL,SUPPRESSED
PShAV -003-006,שמוליק עצמון-וירצר,Series Record,00000npc^a22^^^^^^^^4500,^^^^^^k^^^^^^^^xx^^^^^^^^^^^^^^^^^^^^^^d,כתבים - תיאטרון היידישפיל,VIS,ARCHIVE,NOULI,NOOCLC,MX,NNL,SUPPRESSED
PShAV -003-006-001,שמוליק עצמון-וירצר,File Record,00000npc^a22^^^^^^^^4500,^^^^^^k^^^^^^^^xx^^^^^^^^^^^^^^^^^^^^^^d,שירי יצחק מאנגר,VIS,ARCHIVE,NOULI,NOOCLC,MX,NNL,SUPPRESSED
PShAV -003-006-002,שמוליק עצמון-וירצר,File Record,00000npc^a22^^^^^^^^4500,^^^^^^k^^^^^^^^xx^^^^^^^^^^^^^^^^^^^^^^d,שירים ביידיש,VIS,ARCHIVE,NOULI,NOOCLC,MX,NNL,SUPPRESSED
PShAV -003-006-003,שמוליק עצמון-וירצר,File Record,00000npc^a22^^^^^^^^4500,^^^^^^k^^^^^^^^xx^^^^^^^^^^^^^^^^^^^^^^d,מחזה - חומש לידער,VIS,ARCHIVE,NOULI,NOOCLC,MX,NNL,SUPPRESSED
PShAV -003-006-004,שמוליק עצמון-וירצר,File Record,00000npc^a22^^^^^^^^4500,^^^^^^k^^^^^^^^xx^^^^^^^^^^^^^^^^^^^^^^d,מגילה - 'מאנטאזש פאר פורים',VIS,ARCHIVE,NOULI,NOOCLC,MX,NNL,SUPPRESSED
PShAV -003-006-005,שמוליק עצמון-וירצר,File Record,00000npc^a22^^^^^^^^4500,^^^^^^k^^^^^^^^xx^^^^^^^^^^^^^^^^^^^^^^d,פורים לידער,VIS,ARCHIVE,NOULI,NOOCLC,MX,NNL,SUPPRESSED
PShAV -003-006-006,שמוליק עצמון-וירצר,File Record,00000npc^a22^^^^^^^^4500,^^^^^^k^^^^^^^^xx^^^^^^^^^^^^^^^^^^^^^^d,מערכונים ביידיש,VIS,ARCHIVE,NOULI,NOOCLC,MX,NNL,SUPPRESSED
PShAV -003-006-007,שמוליק עצמון-וירצר,File Record,00000npc^a22^^^^^^^^4500,^^^^^^k^^^^^^^^xx^^^^^^^^^^^^^^^^^^^^^^d,שירים ביידיש בכתב יד,VIS,ARCHIVE,NOULI,NOOCLC,MX,NNL,SUPPRESSED
PShAV -003-006-008,שמוליק עצמון-וירצר,File Record,00000npc^a22^^^^^^^^4500,^^^^^^k^^^^^^^^xx^^^^^^^^^^^^^^^^^^^^^^d,כתבים,VIS,ARCHIVE,NOULI,NOOCLC,MX,NNL,SUPPRESSED
PShAV -003-006-009,שמוליק עצמון-וירצר,File Record,00000npc^a22^^^^^^^^4500,^^^^^^k^^^^^^^^xx^^^^^^^^^^^^^^^^^^^^^^d,מיין שיינע ליידי',VIS,ARCHIVE,NOULI,NOOCLC,MX,NNL,SUPPRESSED
PShAV -003-006-010,שמוליק עצמון-וירצר,File Record,00000npc^a22^^^^^^^^4500,^^^^^^k^^^^^^^^xx^^^^^^^^^^^^^^^^^^^^^^d,כתבי שלום עליכם בגרמנית,VIS,ARCHIVE,NOULI,NOOCLC,MX,NNL,SUPPRESSED
PShAV -003-006-011,שמוליק עצמון-וירצר,File Record,00000npc^a22^^^^^^^^4500,^^^^^^k^^^^^^^^xx^^^^^^^^^^^^^^^^^^^^^^d,המפגש האחרון של פרויד,VIS,ARCHIVE,NOULI,NOOCLC,MX,NNL,SUPPRESSED
PShAV -003-006-012,שמוליק עצמון-וירצר,File Record,00000npc^a22^^^^^^^^4500,^^^^^^k^^^^^^^^xx^^^^^^^^^^^^^^^^^^^^^^d,דער אלתר פיאניסט',VIS,ARCHIVE,NOULI,NOOCLC,MX,NNL,SUPPRESSED
PShAV -003-006-013,שמוליק עצמון-וירצר,File Record,00000npc^a22^^^^^^^^4500,^^^^^^k^^^^^^^^xx^^^^^^^^^^^^^^^^^^^^^^d,שבת בבילגורי',VIS,ARCHIVE,NOULI,NOOCLC,MX,NNL,SUPPRESSED
PShAV -003-006-014,שמוליק עצמון-וירצר,File Record,00000npc^a22^^^^^^^^4500,^^^^^^k^^^^^^^^xx^^^^^^^^^^^^^^^^^^^^^^d,בחזרה לפולין - תמלול,VIS,ARCHIVE,NOULI,NOOCLC,MX,NNL,SUPPRESSED
PShAV -003-006-015,שמוליק עצמון-וירצר,File Record,00000npc^a22^^^^^^^^4500,^^^^^^k^^^^^^^^xx^^^^^^^^^^^^^^^^^^^^^^d,סיכום סיבוב הופעות,VIS,ARCHIVE,NOULI,NOOCLC,MX,NNL,SUPPRESSED
PShAV -003-006-016,שמוליק עצמון-וירצר,File Record,00000npc^a22^^^^^^^^4500,^^^^^^k^^^^^^^^xx^^^^^^^^^^^^^^^^^^^^^^d,מחזה ברוסית,VIS,ARCHIVE,NOULI,NOOCLC,MX,NNL,SUPPRESSED
PShAV -004,שמוליק עצמון-וירצר,Fonds Record,00000npc^a22^^^^^^^^4500,^^^^^^k^^^^^^^^xx^^^^^^^^^^^^^^^^^^^^^^d,מופעים בארץ ובעולם,VIS,ARCHIVE,NOULI,NOOCLC,MX,NNL,SUPPRESSED
PShAV -004-001,שמוליק עצמון-וירצר,Series Record,00000npc^a22^^^^^^^^4500,^^^^^^k^^^^^^^^xx^^^^^^^^^^^^^^^^^^^^^^d,באים לקחת אותך',VIS,ARCHIVE,NOULI,NOOCLC,MX,NNL,SUPPRESSED
PShAV -004-001-001,שמוליק עצמון-וירצר,File Record,00000npc^a22^^^^^^^^4500,^^^^^^k^^^^^^^^xx^^^^^^^^^^^^^^^^^^^^^^d,מחזה בפולנית - 'באים לקחת אותך',VIS,ARCHIVE,NOULI,NOOCLC,MX,NNL,SUPPRESSED
PShAV -004-001-002,שמוליק עצמון-וירצר,File Record,00000npc^a22^^^^^^^^4500,^^^^^^k^^^^^^^^xx^^^^^^^^^^^^^^^^^^^^^^d,יצחק באבל - יצירות,VIS,ARCHIVE,NOULI,NOOCLC,MX,NNL,SUPPRESSED
PShAV -004-001-003,שמוליק עצמון-וירצר,File Record,00000npc^a22^^^^^^^^4500,^^^^^^k^^^^^^^^xx^^^^^^^^^^^^^^^^^^^^^^d,מכתבים - 'באים לקחת אותך',VIS,ARCHIVE,NOULI,NOOCLC,MX,NNL,SUPPRESSED
PShAV -004-001-004,שמוליק עצמון-וירצר,File Record,00000npc^a22^^^^^^^^4500,^^^^^^k^^^^^^^^xx^^^^^^^^^^^^^^^^^^^^^^d,עיתונות עברית - 'באים לקחת אותך',VIS,ARCHIVE,NOULI,NOOCLC,MX,NNL,SUPPRESSED
PShAV -004-001-005,שמוליק עצמון-וירצר,File Record,00000npc^a22^^^^^^^^4500,^^^^^^k^^^^^^^^xx^^^^^^^^^^^^^^^^^^^^^^d,עיתונות פולנית - 'באים לקחת אותך',VIS,ARCHIVE,NOULI,NOOCLC,MX,NNL,SUPPRESSED
PShAV -004-001-006,שמוליק עצמון-וירצר,File Record,00000npc^a22^^^^^^^^4500,^^^^^^k^^^^^^^^xx^^^^^^^^^^^^^^^^^^^^^^d,תקציר מחזה בפולנית - 'באים לקחת אותך' ,VIS,ARCHIVE,NOULI,NOOCLC,MX,NNL,SUPPRESSED
PShAV -004-001-007,שמוליק עצמון-וירצר,File Record,00000npc^a22^^^^^^^^4500,^^^^^^k^^^^^^^^xx^^^^^^^^^^^^^^^^^^^^^^d,תקציר ורקע בעברית - 'באים לקחת אותך',VIS,ARCHIVE,NOULI,NOOCLC,MX,NNL,SUPPRESSED
PShAV -004-001-008,שמוליק עצמון-וירצר,File Record,00000npc^a22^^^^^^^^4500,^^^^^^k^^^^^^^^xx^^^^^^^^^^^^^^^^^^^^^^d, מסמכים - 'באים לקחת אותך',VIS,ARCHIVE,NOULI,NOOCLC,MX,NNL,SUPPRESSED
PShAV -004-001-009,שמוליק עצמון-וירצר,File Record,00000npc^a22^^^^^^^^4500,^^^^^^k^^^^^^^^xx^^^^^^^^^^^^^^^^^^^^^^d,"כתב יד - 'באים לקחת אותך', 1 מתוך 2",VIS,ARCHIVE,NOULI,NOOCLC,MX,NNL,SUPPRESSED
PShAV -004-001-010,שמוליק עצמון-וירצר,File Record,00000npc^a22^^^^^^^^4500,^^^^^^k^^^^^^^^xx^^^^^^^^^^^^^^^^^^^^^^d,"כתב יד - 'באים לקחת אותך', 2 מתוך 2",VIS,ARCHIVE,NOULI,NOOCLC,MX,NNL,SUPPRESSED
PShAV -004-001-011,שמוליק עצמון-וירצר,File Record,00000npc^a22^^^^^^^^4500,^^^^^^k^^^^^^^^xx^^^^^^^^^^^^^^^^^^^^^^d,חולפות - 'באים לקחת אותך' ,VIS,ARCHIVE,NOULI,NOOCLC,MX,NNL,SUPPRESSED
PShAV -004-002,שמוליק עצמון-וירצר,Series Record,00000npc^a22^^^^^^^^4500,^^^^^^k^^^^^^^^xx^^^^^^^^^^^^^^^^^^^^^^d,לאה שלנגר ושמואל עצמון,VIS,ARCHIVE,NOULI,NOOCLC,MX,NNL,SUPPRESSED
PShAV -004-002-001,שמוליק עצמון-וירצר,File Record,00000npc^a22^^^^^^^^4500,^^^^^^k^^^^^^^^xx^^^^^^^^^^^^^^^^^^^^^^d,אלבום עיתונות - לאה שלנגר ושמואל עצמון,VIS,ARCHIVE,NOULI,NOOCLC,MX,NNL,SUPPRESSED
PShAV -004-002-002,שמוליק עצמון-וירצר,File Record,00000npc^a22^^^^^^^^4500,^^^^^^k^^^^^^^^xx^^^^^^^^^^^^^^^^^^^^^^d,עיתונות יידית - לאה שלנגר ושמואל עצמון,VIS,ARCHIVE,NOULI,NOOCLC,MX,NNL,SUPPRESSED
PShAV -004-002-003,שמוליק עצמון-וירצר,File Record,00000npc^a22^^^^^^^^4500,^^^^^^k^^^^^^^^xx^^^^^^^^^^^^^^^^^^^^^^d,עיתונות אנגלית - לאה שלנגר ושמואל עצמון,VIS,ARCHIVE,NOULI,NOOCLC,MX,NNL,SUPPRESSED
PShAV -004-002-004,שמוליק עצמון-וירצר,File Record,00000npc^a22^^^^^^^^4500,^^^^^^k^^^^^^^^xx^^^^^^^^^^^^^^^^^^^^^^d,תכנייה - לאה שלנגר ושמואל עצמון,VIS,ARCHIVE,NOULI,NOOCLC,MX,NNL,SUPPRESSED
PShAV -004-003,שמוליק עצמון-וירצר,Series Record,00000npc^a22^^^^^^^^4500,^^^^^^k^^^^^^^^xx^^^^^^^^^^^^^^^^^^^^^^d,מהעפר',VIS,ARCHIVE,NOULI,NOOCLC,MX,NNL,SUPPRESSED
PShAV -004-003-001,שמוליק עצמון-וירצר,File Record,00000npc^a22^^^^^^^^4500,^^^^^^k^^^^^^^^xx^^^^^^^^^^^^^^^^^^^^^^d,פרטיטורות - 'מהעפר',VIS,ARCHIVE,NOULI,NOOCLC,MX,NNL,SUPPRESSED
PShAV -004-003-002,שמוליק עצמון-וירצר,File Record,00000npc^a22^^^^^^^^4500,^^^^^^k^^^^^^^^xx^^^^^^^^^^^^^^^^^^^^^^d,שירים - 'מהעפר',VIS,ARCHIVE,NOULI,NOOCLC,MX,NNL,SUPPRESSED
PShAV -004-003-003,שמוליק עצמון-וירצר,File Record,00000npc^a22^^^^^^^^4500,^^^^^^k^^^^^^^^xx^^^^^^^^^^^^^^^^^^^^^^d,חולפות - 'מהעפר',VIS,ARCHIVE,NOULI,NOOCLC,MX,NNL,SUPPRESSED
PShAV -004-004,שמוליק עצמון-וירצר,Series Record,00000npc^a22^^^^^^^^4500,^^^^^^k^^^^^^^^xx^^^^^^^^^^^^^^^^^^^^^^d,פסטיבל מוזיקה יהודית,VIS,ARCHIVE,NOULI,NOOCLC,MX,NNL,SUPPRESSED
PShAV -004-004-001,שמוליק עצמון-וירצר,File Record,00000npc^a22^^^^^^^^4500,^^^^^^k^^^^^^^^xx^^^^^^^^^^^^^^^^^^^^^^d,מחברת פרטיטורות - פסטיבל מוזיקה יהודית,VIS,ARCHIVE,NOULI,NOOCLC,MX,NNL,SUPPRESSED
PShAV -004-004-002,שמוליק עצמון-וירצר,File Record,00000npc^a22^^^^^^^^4500,^^^^^^k^^^^^^^^xx^^^^^^^^^^^^^^^^^^^^^^d,פרטיטורות - פסטיבל מוזיקה יהודית,VIS,ARCHIVE,NOULI,NOOCLC,MX,NNL,SUPPRESSED
PShAV -004-004-003,שמוליק עצמון-וירצר,File Record,00000npc^a22^^^^^^^^4500,^^^^^^k^^^^^^^^xx^^^^^^^^^^^^^^^^^^^^^^d,עלון תכנית הפסטיבל - פסטיבל מוזיקה יהודית,VIS,ARCHIVE,NOULI,NOOCLC,MX,NNL,SUPPRESSED
PShAV -004-004-004,שמוליק עצמון-וירצר,File Record,00000npc^a22^^^^^^^^4500,^^^^^^k^^^^^^^^xx^^^^^^^^^^^^^^^^^^^^^^d,קטעי שירה והקראה - פסטיבל מוזיקה יהודית,VIS,ARCHIVE,NOULI,NOOCLC,MX,NNL,SUPPRESSED
PShAV -004-004-005,שמוליק עצמון-וירצר,File Record,00000npc^a22^^^^^^^^4500,^^^^^^k^^^^^^^^xx^^^^^^^^^^^^^^^^^^^^^^d,עיתונות - פסטיבל מוזיקה יהודית,VIS,ARCHIVE,NOULI,NOOCLC,MX,NNL,SUPPRESSED
PShAV -004-004-006,שמוליק עצמון-וירצר,File Record,00000npc^a22^^^^^^^^4500,^^^^^^k^^^^^^^^xx^^^^^^^^^^^^^^^^^^^^^^d,חולפות- פסטיבל מוזיקה יהודית,VIS,ARCHIVE,NOULI,NOOCLC,MX,NNL,SUPPRESSED
PShAV -004-004-007,שמוליק עצמון-וירצר,File Record,00000npc^a22^^^^^^^^4500,^^^^^^k^^^^^^^^xx^^^^^^^^^^^^^^^^^^^^^^d,חוזה - פסטיבל מוזיקה יהודית,VIS,ARCHIVE,NOULI,NOOCLC,MX,NNL,SUPPRESSED
PShAV -004-004-008,שמוליק עצמון-וירצר,File Record,00000npc^a22^^^^^^^^4500,^^^^^^k^^^^^^^^xx^^^^^^^^^^^^^^^^^^^^^^d,כרזה - פסטיבל מוזיקה יהודית,VIS,ARCHIVE,NOULI,NOOCLC,MX,NNL,SUPPRESSED
PShAV -004-004-009,שמוליק עצמון-וירצר,File Record,00000npc^a22^^^^^^^^4500,^^^^^^k^^^^^^^^xx^^^^^^^^^^^^^^^^^^^^^^d,תצלום- פסטיבל מוזיקה יהודית,VIS,ARCHIVE,NOULI,NOOCLC,MX,NNL,SUPPRESSED
PShAV -004-005,שמוליק עצמון-וירצר,Series Record,00000npc^a22^^^^^^^^4500,^^^^^^k^^^^^^^^xx^^^^^^^^^^^^^^^^^^^^^^d,חומרי הנחיה,VIS,ARCHIVE,NOULI,NOOCLC,MX,NNL,SUPPRESSED
PShAV -004-005-001,שמוליק עצמון-וירצר,File Record,00000npc^a22^^^^^^^^4500,^^^^^^k^^^^^^^^xx^^^^^^^^^^^^^^^^^^^^^^d,תכנית עצרת 1995,VIS,ARCHIVE,NOULI,NOOCLC,MX,NNL,SUPPRESSED
PShAV -004-005-002,שמוליק עצמון-וירצר,File Record,00000npc^a22^^^^^^^^4500,^^^^^^k^^^^^^^^xx^^^^^^^^^^^^^^^^^^^^^^d,תכנית עצרת 1990,VIS,ARCHIVE,NOULI,NOOCLC,MX,NNL,SUPPRESSED
PShAV -004-005-003,שמוליק עצמון-וירצר,File Record,00000npc^a22^^^^^^^^4500,^^^^^^k^^^^^^^^xx^^^^^^^^^^^^^^^^^^^^^^d,קטעי מעבר בגרמנית,VIS,ARCHIVE,NOULI,NOOCLC,MX,NNL,SUPPRESSED
PShAV -004-005-004,שמוליק עצמון-וירצר,File Record,00000npc^a22^^^^^^^^4500,^^^^^^k^^^^^^^^xx^^^^^^^^^^^^^^^^^^^^^^d,רשימות בכתב יד,VIS,ARCHIVE,NOULI,NOOCLC,MX,NNL,SUPPRESSED
PShAV -004-005-005,שמוליק עצמון-וירצר,File Record,00000npc^a22^^^^^^^^4500,^^^^^^k^^^^^^^^xx^^^^^^^^^^^^^^^^^^^^^^d,תכנית אירוע - בית צבי,VIS,ARCHIVE,NOULI,NOOCLC,MX,NNL,SUPPRESSED
PShAV -004-005-006,שמוליק עצמון-וירצר,File Record,00000npc^a22^^^^^^^^4500,^^^^^^k^^^^^^^^xx^^^^^^^^^^^^^^^^^^^^^^d,ערב לכבוד היידיש - חומרים,VIS,ARCHIVE,NOULI,NOOCLC,MX,NNL,SUPPRESSED
PShAV -004-005-007,שמוליק עצמון-וירצר,File Record,00000npc^a22^^^^^^^^4500,^^^^^^k^^^^^^^^xx^^^^^^^^^^^^^^^^^^^^^^d,שירים ביידיש מתוך טקסים,VIS,ARCHIVE,NOULI,NOOCLC,MX,NNL,SUPPRESSED
PShAV -004-005-008,שמוליק עצמון-וירצר,File Record,00000npc^a22^^^^^^^^4500,^^^^^^k^^^^^^^^xx^^^^^^^^^^^^^^^^^^^^^^d,רשימות למופע - שלום עליכם,VIS,ARCHIVE,NOULI,NOOCLC,MX,NNL,SUPPRESSED
PShAV -004-005-009,שמוליק עצמון-וירצר,File Record,00000npc^a22^^^^^^^^4500,^^^^^^k^^^^^^^^xx^^^^^^^^^^^^^^^^^^^^^^d,מענה לשונה של אם חורגת,VIS,ARCHIVE,NOULI,NOOCLC,MX,NNL,SUPPRESSED
PShAV -004-005-010,שמוליק עצמון-וירצר,File Record,00000npc^a22^^^^^^^^4500,^^^^^^k^^^^^^^^xx^^^^^^^^^^^^^^^^^^^^^^d,שירים בעברית מתוך טקסים,VIS,ARCHIVE,NOULI,NOOCLC,MX,NNL,SUPPRESSED
PShAV -004-005-011,שמוליק עצמון-וירצר,File Record,00000npc^a22^^^^^^^^4500,^^^^^^k^^^^^^^^xx^^^^^^^^^^^^^^^^^^^^^^d,חומרי רקע - י'ל פרץ,VIS,ARCHIVE,NOULI,NOOCLC,MX,NNL,SUPPRESSED
PShAV -004-005-012,שמוליק עצמון-וירצר,File Record,00000npc^a22^^^^^^^^4500,^^^^^^k^^^^^^^^xx^^^^^^^^^^^^^^^^^^^^^^d,קוצק - אברהם יהושוע השל,VIS,ARCHIVE,NOULI,NOOCLC,MX,NNL,SUPPRESSED
PShAV -004-005-013,שמוליק עצמון-וירצר,File Record,00000npc^a22^^^^^^^^4500,^^^^^^k^^^^^^^^xx^^^^^^^^^^^^^^^^^^^^^^d,יזכור - יידיש,VIS,ARCHIVE,NOULI,NOOCLC,MX,NNL,SUPPRESSED
PShAV -004-005-014,שמוליק עצמון-וירצר,File Record,00000npc^a22^^^^^^^^4500,^^^^^^k^^^^^^^^xx^^^^^^^^^^^^^^^^^^^^^^d,קטע ממחזה,VIS,ARCHIVE,NOULI,NOOCLC,MX,NNL,SUPPRESSED
PShAV -004-005-015,שמוליק עצמון-וירצר,File Record,00000npc^a22^^^^^^^^4500,^^^^^^k^^^^^^^^xx^^^^^^^^^^^^^^^^^^^^^^d,שלום אש- חומרי רקע,VIS,ARCHIVE,NOULI,NOOCLC,MX,NNL,SUPPRESSED
PShAV -004-005-016,שמוליק עצמון-וירצר,File Record,00000npc^a22^^^^^^^^4500,^^^^^^k^^^^^^^^xx^^^^^^^^^^^^^^^^^^^^^^d,הרהורים על שתי לשונות',VIS,ARCHIVE,NOULI,NOOCLC,MX,NNL,SUPPRESSED
PShAV -004-005-017,שמוליק עצמון-וירצר,File Record,00000npc^a22^^^^^^^^4500,^^^^^^k^^^^^^^^xx^^^^^^^^^^^^^^^^^^^^^^d,שירים - יורם טהרלב,VIS,ARCHIVE,NOULI,NOOCLC,MX,NNL,SUPPRESSED
PShAV -004-005-018,שמוליק עצמון-וירצר,File Record,00000npc^a22^^^^^^^^4500,^^^^^^k^^^^^^^^xx^^^^^^^^^^^^^^^^^^^^^^d,מפת ברית המועצות,VIS,ARCHIVE,NOULI,NOOCLC,MX,NNL,SUPPRESSED
PShAV -004-005-019,שמוליק עצמון-וירצר,File Record,00000npc^a22^^^^^^^^4500,^^^^^^k^^^^^^^^xx^^^^^^^^^^^^^^^^^^^^^^d,קטעי זיכרון בגרמנית,VIS,ARCHIVE,NOULI,NOOCLC,MX,NNL,SUPPRESSED
PShAV -004-005-020,שמוליק עצמון-וירצר,File Record,00000npc^a22^^^^^^^^4500,^^^^^^k^^^^^^^^xx^^^^^^^^^^^^^^^^^^^^^^d,קטעי זיכרון ביידיש,VIS,ARCHIVE,NOULI,NOOCLC,MX,NNL,SUPPRESSED
PShAV -004-005-021,שמוליק עצמון-וירצר,File Record,00000npc^a22^^^^^^^^4500,^^^^^^k^^^^^^^^xx^^^^^^^^^^^^^^^^^^^^^^d,יאנוש קורצ'אק- חומרים בפולנית,VIS,ARCHIVE,NOULI,NOOCLC,MX,NNL,SUPPRESSED
PShAV -004-006,שמוליק עצמון-וירצר,Series Record,00000npc^a22^^^^^^^^4500,^^^^^^k^^^^^^^^xx^^^^^^^^^^^^^^^^^^^^^^d,מופעים - ארצות הברית,VIS,ARCHIVE,NOULI,NOOCLC,MX,NNL,SUPPRESSED
PShAV -004-006-001,שמוליק עצמון-וירצר,File Record,00000npc^a22^^^^^^^^4500,^^^^^^k^^^^^^^^xx^^^^^^^^^^^^^^^^^^^^^^d,"תכניות - מופעים בארה""ב, 1 מתוך 5",VIS,ARCHIVE,NOULI,NOOCLC,MX,NNL,SUPPRESSED
PShAV -004-006-002,שמוליק עצמון-וירצר,File Record,00000npc^a22^^^^^^^^4500,^^^^^^k^^^^^^^^xx^^^^^^^^^^^^^^^^^^^^^^d,"תכניות - מופעים בארה""ב, 2 מתוך 5",VIS,ARCHIVE,NOULI,NOOCLC,MX,NNL,SUPPRESSED
PShAV -004-006-003,שמוליק עצמון-וירצר,File Record,00000npc^a22^^^^^^^^4500,^^^^^^k^^^^^^^^xx^^^^^^^^^^^^^^^^^^^^^^d,"תכניות - מופעים בארה""ב, 3 מתוך 5",VIS,ARCHIVE,NOULI,NOOCLC,MX,NNL,SUPPRESSED
PShAV -004-006-004,שמוליק עצמון-וירצר,File Record,00000npc^a22^^^^^^^^4500,^^^^^^k^^^^^^^^xx^^^^^^^^^^^^^^^^^^^^^^d,"תכניות - מופעים בארה""ב, 4 מתוך 5",VIS,ARCHIVE,NOULI,NOOCLC,MX,NNL,SUPPRESSED
PShAV -004-006-005,שמוליק עצמון-וירצר,File Record,00000npc^a22^^^^^^^^4500,^^^^^^k^^^^^^^^xx^^^^^^^^^^^^^^^^^^^^^^d,"תכניות - מופעים בארה""ב, 5 מתוך 5",VIS,ARCHIVE,NOULI,NOOCLC,MX,NNL,SUPPRESSED
PShAV -004-006-006,שמוליק עצמון-וירצר,File Record,00000npc^a22^^^^^^^^4500,^^^^^^k^^^^^^^^xx^^^^^^^^^^^^^^^^^^^^^^d,"מעטפות - מופעים בארה""ב",VIS,ARCHIVE,NOULI,NOOCLC,MX,NNL,SUPPRESSED
PShAV -004-006-007,שמוליק עצמון-וירצר,File Record,00000npc^a22^^^^^^^^4500,^^^^^^k^^^^^^^^xx^^^^^^^^^^^^^^^^^^^^^^d,"דף קונטקט - מופעים בארה""ב",VIS,ARCHIVE,NOULI,NOOCLC,MX,NNL,SUPPRESSED
PShAV -004-006-008,שמוליק עצמון-וירצר,File Record,00000npc^a22^^^^^^^^4500,^^^^^^k^^^^^^^^xx^^^^^^^^^^^^^^^^^^^^^^d,"נגטיבים - מופעים בארה""ב",VIS,ARCHIVE,NOULI,NOOCLC,MX,NNL,SUPPRESSED
PShAV -004-006-009,שמוליק עצמון-וירצר,File Record,00000npc^a22^^^^^^^^4500,^^^^^^k^^^^^^^^xx^^^^^^^^^^^^^^^^^^^^^^d,"מופעים בארה""ב - 'Method in mime'",VIS,ARCHIVE,NOULI,NOOCLC,MX,NNL,SUPPRESSED
PShAV -004-006-010,שמוליק עצמון-וירצר,File Record,00000npc^a22^^^^^^^^4500,^^^^^^k^^^^^^^^xx^^^^^^^^^^^^^^^^^^^^^^d,סדנה למשחק בסן פרנסיסקו,VIS,ARCHIVE,NOULI,NOOCLC,MX,NNL,SUPPRESSED
PShAV -004-006-011,שמוליק עצמון-וירצר,File Record,00000npc^a22^^^^^^^^4500,^^^^^^k^^^^^^^^xx^^^^^^^^^^^^^^^^^^^^^^d,תפריטי מסעדות,VIS,ARCHIVE,NOULI,NOOCLC,MX,NNL,SUPPRESSED
PShAV -004-006-012,שמוליק עצמון-וירצר,File Record,00000npc^a22^^^^^^^^4500,^^^^^^k^^^^^^^^xx^^^^^^^^^^^^^^^^^^^^^^d,"תצלומים - מופעים בארה""ב",VIS,ARCHIVE,NOULI,NOOCLC,MX,NNL,SUPPRESSED
PShAV -004-006-013,שמוליק עצמון-וירצר,File Record,00000npc^a22^^^^^^^^4500,^^^^^^k^^^^^^^^xx^^^^^^^^^^^^^^^^^^^^^^d,"עיתונות - מופעים בארה""ב",VIS,ARCHIVE,NOULI,NOOCLC,MX,NNL,SUPPRESSED
PShAV -004-006-014,שמוליק עצמון-וירצר,File Record,00000npc^a22^^^^^^^^4500,^^^^^^k^^^^^^^^xx^^^^^^^^^^^^^^^^^^^^^^d,Alley Theater,VIS,ARCHIVE,NOULI,NOOCLC,MX,NNL,SUPPRESSED
PShAV -004-006-015,שמוליק עצמון-וירצר,File Record,00000npc^a22^^^^^^^^4500,^^^^^^k^^^^^^^^xx^^^^^^^^^^^^^^^^^^^^^^d,Arena's Stage,VIS,ARCHIVE,NOULI,NOOCLC,MX,NNL,SUPPRESSED
PShAV -004-006-016,שמוליק עצמון-וירצר,File Record,00000npc^a22^^^^^^^^4500,^^^^^^k^^^^^^^^xx^^^^^^^^^^^^^^^^^^^^^^d,"החוג לתיאטרון, אוניברסיטת קליפורניה",VIS,ARCHIVE,NOULI,NOOCLC,MX,NNL,SUPPRESSED
PShAV -005,שמוליק עצמון-וירצר,Fonds Record,00000npc^a22^^^^^^^^4500,^^^^^^k^^^^^^^^xx^^^^^^^^^^^^^^^^^^^^^^d,חומרים אישיים ואבני דרך,VIS,ARCHIVE,NOULI,NOOCLC,MX,NNL,SUPPRESSED
PShAV -005-001,שמוליק עצמון-וירצר,Series Record,00000npc^a22^^^^^^^^4500,^^^^^^k^^^^^^^^xx^^^^^^^^^^^^^^^^^^^^^^d,אבני דרך,VIS,ARCHIVE,NOULI,NOOCLC,MX,NNL,SUPPRESSED
PShAV -005-001-001,שמוליק עצמון-וירצר,File Record,00000npc^a22^^^^^^^^4500,^^^^^^k^^^^^^^^xx^^^^^^^^^^^^^^^^^^^^^^d,עיתונות שנות ה50 - אבני דרך,VIS,ARCHIVE,NOULI,NOOCLC,MX,NNL,SUPPRESSED
PShAV -005-001-002,שמוליק עצמון-וירצר,File Record,00000npc^a22^^^^^^^^4500,^^^^^^k^^^^^^^^xx^^^^^^^^^^^^^^^^^^^^^^d,עיתונות שנות ה60 - אבני דרך,VIS,ARCHIVE,NOULI,NOOCLC,MX,NNL,SUPPRESSED
PShAV -005-001-003,שמוליק עצמון-וירצר,File Record,00000npc^a22^^^^^^^^4500,^^^^^^k^^^^^^^^xx^^^^^^^^^^^^^^^^^^^^^^d,עיתונות שנות ה70 - אבני דרך,VIS,ARCHIVE,NOULI,NOOCLC,MX,NNL,SUPPRESSED
PShAV -005-001-004,שמוליק עצמון-וירצר,File Record,00000npc^a22^^^^^^^^4500,^^^^^^k^^^^^^^^xx^^^^^^^^^^^^^^^^^^^^^^d,עיתונות שנות ה80 - אבני דרך,VIS,ARCHIVE,NOULI,NOOCLC,MX,NNL,SUPPRESSED
PShAV -005-001-005,שמוליק עצמון-וירצר,File Record,00000npc^a22^^^^^^^^4500,^^^^^^k^^^^^^^^xx^^^^^^^^^^^^^^^^^^^^^^d,תכניות חגיגיות הבימה - אבני דרך,VIS,ARCHIVE,NOULI,NOOCLC,MX,NNL,SUPPRESSED
PShAV -005-001-006,שמוליק עצמון-וירצר,File Record,00000npc^a22^^^^^^^^4500,^^^^^^k^^^^^^^^xx^^^^^^^^^^^^^^^^^^^^^^d,תכניות מהבימה - אבני דרך,VIS,ARCHIVE,NOULI,NOOCLC,MX,NNL,SUPPRESSED
PShAV -005-001-007,שמוליק עצמון-וירצר,File Record,00000npc^a22^^^^^^^^4500,^^^^^^k^^^^^^^^xx^^^^^^^^^^^^^^^^^^^^^^d,מכתבים הבימה - אבני דרך,VIS,ARCHIVE,NOULI,NOOCLC,MX,NNL,SUPPRESSED
PShAV -005-001-008,שמוליק עצמון-וירצר,File Record,00000npc^a22^^^^^^^^4500,^^^^^^k^^^^^^^^xx^^^^^^^^^^^^^^^^^^^^^^d,מכתבים תיאטרון האהל - אבני דרך,VIS,ARCHIVE,NOULI,NOOCLC,MX,NNL,SUPPRESSED
PShAV -005-001-009,שמוליק עצמון-וירצר,File Record,00000npc^a22^^^^^^^^4500,^^^^^^k^^^^^^^^xx^^^^^^^^^^^^^^^^^^^^^^d,מכתבים מאת שמוליק עצמון - אבני דרך,VIS,ARCHIVE,NOULI,NOOCLC,MX,NNL,SUPPRESSED
PShAV -005-001-010,שמוליק עצמון-וירצר,File Record,00000npc^a22^^^^^^^^4500,^^^^^^k^^^^^^^^xx^^^^^^^^^^^^^^^^^^^^^^d,מכתבים באנגלית - אבני דרך,VIS,ARCHIVE,NOULI,NOOCLC,MX,NNL,SUPPRESSED
PShAV -005-001-011,שמוליק עצמון-וירצר,File Record,00000npc^a22^^^^^^^^4500,^^^^^^k^^^^^^^^xx^^^^^^^^^^^^^^^^^^^^^^d,מסמכים - אבני דרך,VIS,ARCHIVE,NOULI,NOOCLC,MX,NNL,SUPPRESSED
PShAV -005-001-012,שמוליק עצמון-וירצר,File Record,00000npc^a22^^^^^^^^4500,^^^^^^k^^^^^^^^xx^^^^^^^^^^^^^^^^^^^^^^d,מכתבים לשמואל עצמון - אבני דרך,VIS,ARCHIVE,NOULI,NOOCLC,MX,NNL,SUPPRESSED
PShAV -005-001-013,שמוליק עצמון-וירצר,File Record,00000npc^a22^^^^^^^^4500,^^^^^^k^^^^^^^^xx^^^^^^^^^^^^^^^^^^^^^^d,רשימות בכתב יד - אבני דרך,VIS,ARCHIVE,NOULI,NOOCLC,MX,NNL,SUPPRESSED
PShAV -005-001-014,שמוליק עצמון-וירצר,File Record,00000npc^a22^^^^^^^^4500,^^^^^^k^^^^^^^^xx^^^^^^^^^^^^^^^^^^^^^^d,מכתבים נוספים - אבני דרך,VIS,ARCHIVE,NOULI,NOOCLC,MX,NNL,SUPPRESSED
PShAV -005-001-015,שמוליק עצמון-וירצר,File Record,00000npc^a22^^^^^^^^4500,^^^^^^k^^^^^^^^xx^^^^^^^^^^^^^^^^^^^^^^d,קטעי מחזות - אבני דרך,VIS,ARCHIVE,NOULI,NOOCLC,MX,NNL,SUPPRESSED
PShAV -005-001-016,שמוליק עצמון-וירצר,File Record,00000npc^a22^^^^^^^^4500,^^^^^^k^^^^^^^^xx^^^^^^^^^^^^^^^^^^^^^^d,כרזות - אבני דרך,VIS,ARCHIVE,NOULI,NOOCLC,MX,NNL,SUPPRESSED
PShAV -005-001-017,שמוליק עצמון-וירצר,File Record,00000npc^a22^^^^^^^^4500,^^^^^^k^^^^^^^^xx^^^^^^^^^^^^^^^^^^^^^^d,עבודת רפראט - אבני דרך,VIS,ARCHIVE,NOULI,NOOCLC,MX,NNL,SUPPRESSED
PShAV -005-001-018,שמוליק עצמון-וירצר,File Record,00000npc^a22^^^^^^^^4500,^^^^^^k^^^^^^^^xx^^^^^^^^^^^^^^^^^^^^^^d,תוכניות - אבני דרך,VIS,ARCHIVE,NOULI,NOOCLC,MX,NNL,SUPPRESSED
PShAV -005-001-019,שמוליק עצמון-וירצר,File Record,00000npc^a22^^^^^^^^4500,^^^^^^k^^^^^^^^xx^^^^^^^^^^^^^^^^^^^^^^d,תצלומים - אבני דרך,VIS,ARCHIVE,NOULI,NOOCLC,MX,NNL,SUPPRESSED
PShAV -005-001-020,שמוליק עצמון-וירצר,File Record,00000npc^a22^^^^^^^^4500,^^^^^^k^^^^^^^^xx^^^^^^^^^^^^^^^^^^^^^^d,איור - אבני דרך,VIS,ARCHIVE,NOULI,NOOCLC,MX,NNL,SUPPRESSED
PShAV -005-002,שמוליק עצמון-וירצר,Series Record,00000npc^a22^^^^^^^^4500,^^^^^^k^^^^^^^^xx^^^^^^^^^^^^^^^^^^^^^^d,אלבומים ותצלומים,VIS,ARCHIVE,NOULI,NOOCLC,MX,NNL,SUPPRESSED
PShAV -005-002-001,שמוליק עצמון-וירצר,File Record,00000npc^a22^^^^^^^^4500,^^^^^^k^^^^^^^^xx^^^^^^^^^^^^^^^^^^^^^^d,אלבום סיכום קריירה,VIS,ARCHIVE,NOULI,NOOCLC,MX,NNL,SUPPRESSED
PShAV -005-002-002,שמוליק עצמון-וירצר,File Record,00000npc^a22^^^^^^^^4500,^^^^^^k^^^^^^^^xx^^^^^^^^^^^^^^^^^^^^^^d,אלבום נסיעה,VIS,ARCHIVE,NOULI,NOOCLC,MX,NNL,SUPPRESSED
PShAV -005-002-003,שמוליק עצמון-וירצר,File Record,00000npc^a22^^^^^^^^4500,^^^^^^k^^^^^^^^xx^^^^^^^^^^^^^^^^^^^^^^d,אלבום ילדות,VIS,ARCHIVE,NOULI,NOOCLC,MX,NNL,SUPPRESSED
PShAV -005-002-004,שמוליק עצמון-וירצר,File Record,00000npc^a22^^^^^^^^4500,^^^^^^k^^^^^^^^xx^^^^^^^^^^^^^^^^^^^^^^d,אלבום - שמוליק והמיקרופון,VIS,ARCHIVE,NOULI,NOOCLC,MX,NNL,SUPPRESSED
PShAV -005-002-005,שמוליק עצמון-וירצר,File Record,00000npc^a22^^^^^^^^4500,^^^^^^k^^^^^^^^xx^^^^^^^^^^^^^^^^^^^^^^d,אלבום - שמוליק וחברים,VIS,ARCHIVE,NOULI,NOOCLC,MX,NNL,SUPPRESSED
PShAV -005-002-006,שמוליק עצמון-וירצר,File Record,00000npc^a22^^^^^^^^4500,^^^^^^k^^^^^^^^xx^^^^^^^^^^^^^^^^^^^^^^d,תצלומים - פרס איציק מאנגר,VIS,ARCHIVE,NOULI,NOOCLC,MX,NNL,SUPPRESSED
PShAV -005-002-007,שמוליק עצמון-וירצר,File Record,00000npc^a22^^^^^^^^4500,^^^^^^k^^^^^^^^xx^^^^^^^^^^^^^^^^^^^^^^d,תצלומים - 'אהבה אחרונה',VIS,ARCHIVE,NOULI,NOOCLC,MX,NNL,SUPPRESSED
PShAV -005-002-008,שמוליק עצמון-וירצר,File Record,00000npc^a22^^^^^^^^4500,^^^^^^k^^^^^^^^xx^^^^^^^^^^^^^^^^^^^^^^d,תצלומים - מופעים נוספים,VIS,ARCHIVE,NOULI,NOOCLC,MX,NNL,SUPPRESSED
PShAV -005-002-009,שמוליק עצמון-וירצר,File Record,00000npc^a22^^^^^^^^4500,^^^^^^k^^^^^^^^xx^^^^^^^^^^^^^^^^^^^^^^d,תצלומים - אירועים,VIS,ARCHIVE,NOULI,NOOCLC,MX,NNL,SUPPRESSED
PShAV -005-002-010,שמוליק עצמון-וירצר,File Record,00000npc^a22^^^^^^^^4500,^^^^^^k^^^^^^^^xx^^^^^^^^^^^^^^^^^^^^^^d,תצלומים - פרוטרט,VIS,ARCHIVE,NOULI,NOOCLC,MX,NNL,SUPPRESSED
PShAV -005-002-011,שמוליק עצמון-וירצר,File Record,00000npc^a22^^^^^^^^4500,^^^^^^k^^^^^^^^xx^^^^^^^^^^^^^^^^^^^^^^d,תצלומים נעורים,VIS,ARCHIVE,NOULI,NOOCLC,MX,NNL,SUPPRESSED
PShAV -005-003,שמוליק עצמון-וירצר,Series Record,00000npc^a22^^^^^^^^4500,^^^^^^k^^^^^^^^xx^^^^^^^^^^^^^^^^^^^^^^d,פרסים ואירועים,VIS,ARCHIVE,NOULI,NOOCLC,MX,NNL,SUPPRESSED
PShAV -005-003-001,שמוליק עצמון-וירצר,File Record,00000npc^a22^^^^^^^^4500,^^^^^^k^^^^^^^^xx^^^^^^^^^^^^^^^^^^^^^^d,תצלומים - פרס מפעל חיים בתיאטרון,VIS,ARCHIVE,NOULI,NOOCLC,MX,NNL,SUPPRESSED
PShAV -005-003-002,שמוליק עצמון-וירצר,File Record,00000npc^a22^^^^^^^^4500,^^^^^^k^^^^^^^^xx^^^^^^^^^^^^^^^^^^^^^^d,תצלומים - יקיר העיר תל אביב,VIS,ARCHIVE,NOULI,NOOCLC,MX,NNL,SUPPRESSED
PShAV -005-003-003,שמוליק עצמון-וירצר,File Record,00000npc^a22^^^^^^^^4500,^^^^^^k^^^^^^^^xx^^^^^^^^^^^^^^^^^^^^^^d,תמלולים - פרס מפעל חיים בתיאטרון,VIS,ARCHIVE,NOULI,NOOCLC,MX,NNL,SUPPRESSED
PShAV -005-003-004,שמוליק עצמון-וירצר,File Record,00000npc^a22^^^^^^^^4500,^^^^^^k^^^^^^^^xx^^^^^^^^^^^^^^^^^^^^^^d,קטעי עיתונות - פרס מפעל חיים בתיאטרון,VIS,ARCHIVE,NOULI,NOOCLC,MX,NNL,SUPPRESSED
PShAV -005-003-005,שמוליק עצמון-וירצר,File Record,00000npc^a22^^^^^^^^4500,^^^^^^k^^^^^^^^xx^^^^^^^^^^^^^^^^^^^^^^d,יקיר העיר תל אביב,VIS,ARCHIVE,NOULI,NOOCLC,MX,NNL,SUPPRESSED
PShAV -005-003-006,שמוליק עצמון-וירצר,File Record,00000npc^a22^^^^^^^^4500,^^^^^^k^^^^^^^^xx^^^^^^^^^^^^^^^^^^^^^^d,"ד""ר לשם כבוד המכללה האקדמית נתניה",VIS,ARCHIVE,NOULI,NOOCLC,MX,NNL,SUPPRESSED
PShAV -005-003-007,שמוליק עצמון-וירצר,File Record,00000npc^a22^^^^^^^^4500,^^^^^^k^^^^^^^^xx^^^^^^^^^^^^^^^^^^^^^^d,אות מופת - ליונס ישראל,VIS,ARCHIVE,NOULI,NOOCLC,MX,NNL,SUPPRESSED
PShAV -005-003-008,שמוליק עצמון-וירצר,File Record,00000npc^a22^^^^^^^^4500,^^^^^^k^^^^^^^^xx^^^^^^^^^^^^^^^^^^^^^^d,עיתונות - יום הולדת 80,VIS,ARCHIVE,NOULI,NOOCLC,MX,NNL,SUPPRESSED
PShAV -005-003-009,שמוליק עצמון-וירצר,File Record,00000npc^a22^^^^^^^^4500,^^^^^^k^^^^^^^^xx^^^^^^^^^^^^^^^^^^^^^^d,מכתבים - יום הולדת 75,VIS,ARCHIVE,NOULI,NOOCLC,MX,NNL,SUPPRESSED
PShAV -005-003-010,שמוליק עצמון-וירצר,File Record,00000npc^a22^^^^^^^^4500,^^^^^^k^^^^^^^^xx^^^^^^^^^^^^^^^^^^^^^^d,כרטיסי ברכה - יום הולדת 75,VIS,ARCHIVE,NOULI,NOOCLC,MX,NNL,SUPPRESSED
PShAV -005-003-011,שמוליק עצמון-וירצר,File Record,00000npc^a22^^^^^^^^4500,^^^^^^k^^^^^^^^xx^^^^^^^^^^^^^^^^^^^^^^d,מכתבים - יום הולדת 80,VIS,ARCHIVE,NOULI,NOOCLC,MX,NNL,SUPPRESSED
PShAV -005-003-012,שמוליק עצמון-וירצר,File Record,00000npc^a22^^^^^^^^4500,^^^^^^k^^^^^^^^xx^^^^^^^^^^^^^^^^^^^^^^d,כרטיסי ברכה - יום הולדת 80,VIS,ARCHIVE,NOULI,NOOCLC,MX,NNL,SUPPRESSED
PShAV -005-003-013,שמוליק עצמון-וירצר,File Record,00000npc^a22^^^^^^^^4500,^^^^^^k^^^^^^^^xx^^^^^^^^^^^^^^^^^^^^^^d,שירים למופע - יום הולדת 80,VIS,ARCHIVE,NOULI,NOOCLC,MX,NNL,SUPPRESSED
PShAV -005-003-014,שמוליק עצמון-וירצר,File Record,00000npc^a22^^^^^^^^4500,^^^^^^k^^^^^^^^xx^^^^^^^^^^^^^^^^^^^^^^d,עץ משפחה,VIS,ARCHIVE,NOULI,NOOCLC,MX,NNL,SUPPRESSED
PShAV -005-003-015,שמוליק עצמון-וירצר,File Record,00000npc^a22^^^^^^^^4500,^^^^^^k^^^^^^^^xx^^^^^^^^^^^^^^^^^^^^^^d,קובץ תעודות,VIS,ARCHIVE,NOULI,NOOCLC,MX,NNL,SUPPRESSED
PShAV -005-003-016,שמוליק עצמון-וירצר,File Record,00000npc^a22^^^^^^^^4500,^^^^^^k^^^^^^^^xx^^^^^^^^^^^^^^^^^^^^^^d,אלבום - יום הולדת 80,VIS,ARCHIVE,NOULI,NOOCLC,MX,NNL,SUPPRESSED
PShAV -005-003-017,שמוליק עצמון-וירצר,File Record,00000npc^a22^^^^^^^^4500,^^^^^^k^^^^^^^^xx^^^^^^^^^^^^^^^^^^^^^^d,מכתבים - פרס מפעל חיים בתיאטרון,VIS,ARCHIVE,NOULI,NOOCLC,MX,NNL,SUPPRESSED
PShAV -005-003-018,שמוליק עצמון-וירצר,File Record,00000npc^a22^^^^^^^^4500,^^^^^^k^^^^^^^^xx^^^^^^^^^^^^^^^^^^^^^^d,סקיצות- משה ברנשטיין,VIS,ARCHIVE,NOULI,NOOCLC,MX,NNL,SUPPRESSED
